scene_index,filename,threshold,valid_pixels,burn_pixels,predicted_burn_pixels,true_positive,false_positive,false_negative,true_negative,burn_iou,burn_precision,burn_recall,burn_f1,pixel_accuracy,ground_truth_burn_fraction,predicted_burn_fraction,burn_fraction_difference
0,C:\Users\user\Desktop\Satq_Prithvi\datasets\hls_burn_scars\extracted\validation\subsetted_512x512_HLS.S30.T10SEH.2018190.v1.4_merged.tif,0.4,262144,207373,203710,203309,401,4064,54370,0.9785103044654287,0.9980315153895243,0.9804024631943407,0.9891384464937738,0.9829673767089844,0.7910652160644531,0.7770919799804688,-0.013973236083984375
1,C:\Users\user\Desktop\Satq_Prithvi\datasets\hls_burn_scars\extracted\validation\subsetted_512x512_HLS.S30.T10SFE.2021166.v1.4_merged.tif,0.4,262144,5542,5199,4938,261,604,256341,0.8509391693951405,0.949798038084247,0.891014074341393,0.9194674611302486,0.9967002868652344,0.02114105224609375,0.019832611083984375,-0.001308441162109375
2,C:\Users\user\Desktop\Satq_Prithvi\datasets\hls_burn_scars\extracted\validation\subsetted_512x512_HLS.S30.T10SFF.2020215.v1.4_merged.tif,0.4,262144,7010,7476,6573,903,437,254231,0.8306584102110451,0.8792134831460674,0.937660485021398,0.9074968935523954,0.9948883056640625,0.02674102783203125,0.0285186767578125,0.00177764892578125
3,C:\Users\user\Desktop\Satq_Prithvi\datasets\hls_burn_scars\extracted\validation\subsetted_512x512_HLS.S30.T10SFG.2020185.v1.4_merged.tif,0.4,260375,10107,11762,9833,1929,274,248339,0.8169657693585909,0.835997279374256,0.9728900761848224,0.8992637980703277,0.9915391262602017,0.03881709073451752,0.04517330772923668,0.006356216994719159
4,C:\Users\user\Desktop\Satq_Prithvi\datasets\hls_burn_scars\extracted\validation\subsetted_512x512_HLS.S30.T10SFG.2020215.v1.4_merged.tif,0.4,262132,26062,29781,23191,6590,2871,229480,0.7102474580423864,0.7787179745475303,0.8898396132299901,0.8305785863939975,0.9639074969862512,0.09942319136923382,0.11361069995269558,0.014187508583461766
5,C:\Users\user\Desktop\Satq_Prithvi\datasets\hls_burn_scars\extracted\validation\subsetted_512x512_HLS.S30.T10SGD.2018257.v1.4_merged.tif,0.4,262142,5073,6024,4804,1220,269,255849,0.7633878913078023,0.797476759628154,0.9469741770155726,0.8658195908804182,0.9943198724355502,0.01935210687337397,0.02297991165093728,0.0036278047775633072
6,C:\Users\user\Desktop\Satq_Prithvi\datasets\hls_burn_scars\extracted\validation\subsetted_512x512_HLS.S30.T10SGF.2020217.v1.4_merged.tif,0.4,262138,112644,114423,109998,4425,2646,145069,0.9395997232401404,0.9613277050942556,0.9765100671140939,0.9688594115393254,0.9730256582410791,0.4297125941298095,0.43649909589605473,0.006786501766245234
7,C:\Users\user\Desktop\Satq_Prithvi\datasets\hls_burn_scars\extracted\validation\subsetted_512x512_HLS.S30.T10SGG.2018187.v1.4_merged.tif,0.4,262144,20930,21928,19791,2137,1139,239077,0.8579789309403043,0.9025446917183509,0.9455805064500716,0.9235615287694247,0.9875030517578125,0.07984161376953125,0.083648681640625,0.00380706787109375
8,C:\Users\user\Desktop\Satq_Prithvi\datasets\hls_burn_scars\extracted\validation\subsetted_512x512_HLS.S30.T10SGG.2020247.v1.4_merged.tif,0.4,262144,14173,15012,13458,1554,715,246417,0.8557258218350607,0.8964828137490009,0.9495519650038806,0.9222545828336474,0.9913444519042969,0.054065704345703125,0.0572662353515625,0.003200531005859375
9,C:\Users\user\Desktop\Satq_Prithvi\datasets\hls_burn_scars\extracted\validation\subsetted_512x512_HLS.S30.T10TFL.2018215.v1.4_merged.tif,0.4,262144,83821,86856,82342,4514,1479,173809,0.9321559970566593,0.9480289214331767,0.9823552570358264,0.9648868916139842,0.9771385192871094,0.3197517395019531,0.331329345703125,0.011577606201171875
10,C:\Users\user\Desktop\Satq_Prithvi\datasets\hls_burn_scars\extracted\validation\subsetted_512x512_HLS.S30.T10TFM.2018110.v1.4_merged.tif,0.4,262132,10195,23496,1596,21900,8599,230037,0.049727371864776444,0.067926455566905,0.1565473271211378,0.09474340328277582,0.8836502220255443,0.03889261898585446,0.08963423008255383,0.05074161109669938
11,C:\Users\user\Desktop\Satq_Prithvi\datasets\hls_burn_scars\extracted\validation\subsetted_512x512_HLS.S30.T10TFM.2019215.v1.4_merged.tif,0.4,262144,63402,70966,62915,8051,487,190691,0.880508865967839,0.8865513062593354,0.9923188542948171,0.9364580852583948,0.9674301147460938,0.24185943603515625,0.27071380615234375,0.0288543701171875
12,C:\Users\user\Desktop\Satq_Prithvi\datasets\hls_burn_scars\extracted\validation\subsetted_512x512_HLS.S30.T10TFM.2020215.v1.4_merged.tif,0.4,262144,7364,7570,6667,903,697,253877,0.8064594169589936,0.8807133421400264,0.9053503530689843,0.8928619258068835,0.993896484375,0.0280914306640625,0.02887725830078125,0.00078582763671875
13,C:\Users\user\Desktop\Satq_Prithvi\datasets\hls_burn_scars\extracted\validation\subsetted_512x512_HLS.S30.T10TFN.2018175.v1.4_merged.tif,0.4,262144,13365,16317,11118,5199,2247,243580,0.5989010989010989,0.6813752528038243,0.8318742985409652,0.7491408934707904,0.9715957641601562,0.050983428955078125,0.062244415283203125,0.011260986328125
14,C:\Users\user\Desktop\Satq_Prithvi\datasets\hls_burn_scars\extracted\validation\subsetted_512x512_HLS.S30.T10TFP.2019278.v1.4_merged.tif,0.4,262144,9194,3416,3373,43,5821,252907,0.36516184908520083,0.9874121779859485,0.3668696976288884,0.5349722442505948,0.977630615234375,0.03507232666015625,0.013031005859375,-0.02204132080078125
15,C:\Users\user\Desktop\Satq_Prithvi\datasets\hls_burn_scars\extracted\validation\subsetted_512x512_HLS.S30.T10TFQ.2018183.v1.4_merged.tif,0.4,262107,9459,28830,9398,19432,61,233216,0.3252916133051815,0.325979882067291,0.9935511153398879,0.49089816918697277,0.9256296092817056,0.03608831507743021,0.10999324703270039,0.07390493195527018
16,C:\Users\user\Desktop\Satq_Prithvi\datasets\hls_burn_scars\extracted\validation\subsetted_512x512_HLS.S30.T10TFQ.2019305.v1.4_merged.tif,0.4,262109,8943,7004,5186,1818,3757,251348,0.48192547161044513,0.740434037692747,0.5798948898579895,0.6504044647896156,0.9787302229225247,0.03411939307692601,0.026721707381280307,-0.007397685695645705
17,C:\Users\user\Desktop\Satq_Prithvi\datasets\hls_burn_scars\extracted\validation\subsetted_512x512_HLS.S30.T10TFR.2018188.v1.4_merged.tif,0.4,262144,72313,82234,70566,11668,1747,178163,0.8402614877174599,0.8581122163581973,0.9758411350656175,0.9131979268442609,0.9488258361816406,0.2758522033691406,0.31369781494140625,0.037845611572265625
18,C:\Users\user\Desktop\Satq_Prithvi\datasets\hls_burn_scars\extracted\validation\subsetted_512x512_HLS.S30.T10TFR.2020173.v1.4_merged.tif,0.4,262144,4651,111911,3907,108004,744,149489,0.034681106031689675,0.03491167088132534,0.8400344012040422,0.06703728487843379,0.5851593017578125,0.017742156982421875,0.4269065856933594,0.4091644287109375
19,C:\Users\user\Desktop\Satq_Prithvi\datasets\hls_burn_scars\extracted\validation\subsetted_512x512_HLS.S30.T10TGK.2019245.v1.4_merged.tif,0.4,262144,11033,14334,10825,3509,208,247602,0.7443955439416862,0.7551974326775499,0.9811474666908366,0.8534710450585407,0.9858207702636719,0.042087554931640625,0.05467987060546875,0.012592315673828125
20,C:\Users\user\Desktop\Satq_Prithvi\datasets\hls_burn_scars\extracted\validation\subsetted_512x512_HLS.S30.T10TGK.2020285.v1.4_merged.tif,0.4,262144,179857,186232,178645,7587,1212,74700,0.9530579799833551,0.9592604922891876,0.9932613131543393,0.9759648610037449,0.9664344787597656,0.6861000061035156,0.710418701171875,0.024318695068359375
21,C:\Users\user\Desktop\Satq_Prithvi\datasets\hls_burn_scars\extracted\validation\subsetted_512x512_HLS.S30.T10TGL.2018215.v1.4_merged.tif,0.4,262144,9522,13486,9100,4386,422,248236,0.6542996836353178,0.674773839537298,0.955681579500105,0.791029207232267,0.981658935546875,0.03632354736328125,0.05144500732421875,0.0151214599609375
22,C:\Users\user\Desktop\Satq_Prithvi\datasets\hls_burn_scars\extracted\validation\subsetted_512x512_HLS.S30.T10TGL.2020265.v1.4_merged.tif,0.4,262144,218991,228105,218179,9926,812,33227,0.9530921687773298,0.9564849521053901,0.9962920850628565,0.9759827866945803,0.9590377807617188,0.8353843688964844,0.8701515197753906,0.03476715087890625
23,C:\Users\user\Desktop\Satq_Prithvi\datasets\hls_burn_scars\extracted\validation\subsetted_512x512_HLS.S30.T10TGM.2020215.v1.4_merged.tif,0.4,262144,8591,19722,8403,11319,188,242234,0.4220492214967353,0.4260724064496501,0.978116633686416,0.5935789213435524,0.9561042785644531,0.032772064208984375,0.07523345947265625,0.042461395263671875
24,C:\Users\user\Desktop\Satq_Prithvi\datasets\hls_burn_scars\extracted\validation\subsetted_512x512_HLS.S30.T10TGR.2018215.v1.4_merged.tif,0.4,262144,6981,9407,6775,2632,206,252531,0.7047747841464683,0.7202083554799618,0.9704913336198252,0.8268245057359043,0.9891738891601562,0.026630401611328125,0.035884857177734375,0.00925445556640625
25,C:\Users\user\Desktop\Satq_Prithvi\datasets\hls_burn_scars\extracted\validation\subsetted_512x512_HLS.S30.T10TGR.2019215.v1.4_merged.tif,0.4,262144,5743,6451,5569,882,174,255519,0.8406037735849057,0.863277011316075,0.9697022462127808,0.9134000328030177,0.9959716796875,0.021907806396484375,0.024608612060546875,0.0027008056640625
26,C:\Users\user\Desktop\Satq_Prithvi\datasets\hls_burn_scars\extracted\validation\subsetted_512x512_HLS.S30.T10TGR.2019245.v1.4_merged.tif,0.4,262144,9442,11421,8340,3081,1102,249621,0.6659746067236285,0.7302337798791699,0.8832874391018852,0.7995015098499737,0.9840431213378906,0.03601837158203125,0.043567657470703125,0.007549285888671875
27,C:\Users\user\Desktop\Satq_Prithvi\datasets\hls_burn_scars\extracted\validation\subsetted_512x512_HLS.S30.T10TGS.2018245.v1.4_merged.tif,0.4,262076,8207,10573,8096,2477,111,251392,0.7577686259827779,0.7657240139979192,0.9864749603996589,0.8621938232161874,0.9901250019078435,0.031315343640775956,0.04034325920725286,0.009027915566476905
28,C:\Users\user\Desktop\Satq_Prithvi\datasets\hls_burn_scars\extracted\validation\subsetted_512x512_HLS.S30.T10TGS.2019215.v1.4_merged.tif,0.4,262144,13654,7453,7029,424,6625,248066,0.49928967182838474,0.9431101569837649,0.5147941995019775,0.6660349647036529,0.9731101989746094,0.05208587646484375,0.028430938720703125,-0.023654937744140625
29,C:\Users\user\Desktop\Satq_Prithvi\datasets\hls_burn_scars\extracted\validation\subsetted_512x512_HLS.S30.T10TGS.2020215.v1.4_merged.tif,0.4,261762,35187,42978,34940,8038,247,218537,0.8083285135916715,0.8129740797617385,0.9929803620655355,0.8940062687903793,0.9683491110245185,0.13442363673871685,0.16418731519471888,0.02976367845600203
30,C:\Users\user\Desktop\Satq_Prithvi\datasets\hls_burn_scars\extracted\validation\subsetted_512x512_HLS.S30.T10TGT.2018188.v1.4_merged.tif,0.4,262144,33305,36758,32818,3940,487,224899,0.8811384078399785,0.8928124489906959,0.985377570935295,0.9368140102479198,0.9831123352050781,0.12704849243164062,0.14022064208984375,0.013172149658203125
31,C:\Users\user\Desktop\Satq_Prithvi\datasets\hls_burn_scars\extracted\validation\subsetted_512x512_HLS.S30.T10TGT.2018285.v1.4_merged.tif,0.4,261864,11730,13049,10867,2182,863,247952,0.7811242093156987,0.8327841213886121,0.9264279624893436,0.8771136849751805,0.9883718265970122,0.04479424434057373,0.049831210093789144,0.005036965753215411
32,C:\Users\user\Desktop\Satq_Prithvi\datasets\hls_burn_scars\extracted\validation\subsetted_512x512_HLS.S30.T10TGT.2020218.v1.4_merged.tif,0.4,262010,12271,11967,10380,1587,1891,248152,0.7490258334536009,0.8673853096014038,0.8458968299242116,0.8565063124020134,0.9867256974924621,0.04683409030189688,0.04567382924315866,-0.0011602610587382184
33,C:\Users\user\Desktop\Satq_Prithvi\datasets\hls_burn_scars\extracted\validation\subsetted_512x512_HLS.S30.T10UGV.2020218.v1.4_merged.tif,0.4,262144,9227,11319,9057,2262,170,250655,0.7883192619026895,0.8001590246488206,0.9815758101224666,0.8816314611116518,0.99072265625,0.035198211669921875,0.043178558349609375,0.0079803466796875
34,C:\Users\user\Desktop\Satq_Prithvi\datasets\hls_burn_scars\extracted\validation\subsetted_512x512_HLS.S30.T11SKU.2019002.v1.4_merged.tif,0.4,261966,12444,11418,1558,9860,10886,239662,0.06985294117647059,0.13645121737607288,0.125200900032144,0.13058419243986255,0.9208065168762358,0.04750234763289893,0.04358580884542269,-0.003916538787476241
35,C:\Users\user\Desktop\Satq_Prithvi\datasets\hls_burn_scars\extracted\validation\subsetted_512x512_HLS.S30.T11SLB.2018197.v1.4_merged.tif,0.4,262084,64097,39584,20560,19024,43537,178963,0.2473502484330073,0.5194017784963622,0.3207638423015118,0.3966011130293882,0.7612940889180568,0.24456662749347538,0.15103554585552723,-0.09353108163794815
36,C:\Users\user\Desktop\Satq_Prithvi\datasets\hls_burn_scars\extracted\validation\subsetted_512x512_HLS.S30.T11SLT.2019309.v1.4_merged.tif,0.4,262115,9463,12826,8523,4303,940,248349,0.6191340985035595,0.6645095898955247,0.9006657508189791,0.7647718605590201,0.9799973294164775,0.03610247410487763,0.048932720370829595,0.012830246265951965
37,C:\Users\user\Desktop\Satq_Prithvi\datasets\hls_burn_scars\extracted\validation\subsetted_512x512_HLS.S30.T11SLU.2018274.v1.4_merged.tif,0.4,262144,15136,19580,14810,4770,326,242238,0.7439967848889782,0.7563840653728294,0.9784619450317125,0.8532088950339901,0.980560302734375,0.0577392578125,0.0746917724609375,0.0169525146484375
38,C:\Users\user\Desktop\Satq_Prithvi\datasets\hls_burn_scars\extracted\validation\subsetted_512x512_HLS.S30.T11SLU.2021188.v1.4_merged.tif,0.4,262139,9210,9446,8654,792,556,252137,0.8652269546090782,0.9161549862375609,0.9396308360477742,0.9277444253859348,0.9948576900041581,0.0351340319448842,0.036034317671159194,0.0009002857262749922
39,C:\Users\user\Desktop\Satq_Prithvi\datasets\hls_burn_scars\extracted\validation\subsetted_512x512_HLS.S30.T11SLV.2018249.v1.4_merged.tif,0.4,262144,22346,19980,19163,817,3183,238981,0.827310797392393,0.9591091091091091,0.8575583997135953,0.9054954401549875,0.9847412109375,0.08524322509765625,0.0762176513671875,-0.00902557373046875
40,C:\Users\user\Desktop\Satq_Prithvi\datasets\hls_burn_scars\extracted\validation\subsetted_512x512_HLS.S30.T11SLV.2020222.v1.4_merged.tif,0.4,262144,14019,14550,13268,1282,751,246843,0.8671328671328671,0.9118900343642612,0.946429845210072,0.9288389513108614,0.9922447204589844,0.053478240966796875,0.05550384521484375,0.002025604248046875
41,C:\Users\user\Desktop\Satq_Prithvi\datasets\hls_burn_scars\extracted\validation\subsetted_512x512_HLS.S30.T11SLV.2021186.v1.4_merged.tif,0.4,262142,6174,6854,4930,1924,1244,254044,0.6087922943936774,0.7192880070032098,0.7985098801425332,0.7568314399754376,0.9879149468608617,0.023552120606388904,0.026146134537769605,0.002594013931380701
42,C:\Users\user\Desktop\Satq_Prithvi\datasets\hls_burn_scars\extracted\validation\subsetted_512x512_HLS.S30.T11SLV.2021216.v1.4_merged.tif,0.4,207503,10409,29285,9809,19476,600,177618,0.3282248619708884,0.33494963291787605,0.942357575175329,0.49423086612586287,0.90324959157217,0.050163130171611975,0.1411304896796673,0.09096735950805532
43,C:\Users\user\Desktop\Satq_Prithvi\datasets\hls_burn_scars\extracted\validation\subsetted_512x512_HLS.S30.T11SLV.2021331.v1.4_merged.tif,0.4,262143,229729,187651,184008,3643,45721,28771,0.7884750527055516,0.9805863011654614,0.8009785442847878,0.8817288801571709,0.8116905658362039,0.8763499311444517,0.7158344872836582,-0.16051544386079353
44,C:\Users\user\Desktop\Satq_Prithvi\datasets\hls_burn_scars\extracted\validation\subsetted_512x512_HLS.S30.T11SMS.2018259.v1.4_merged.tif,0.4,262143,13307,85675,13189,72486,118,176350,0.15373049083258541,0.15394222351911294,0.9911324866611558,0.2664928976985715,0.7230366631952789,0.050762370156746506,0.326825434972515,0.2760630648157685
45,C:\Users\user\Desktop\Satq_Prithvi\datasets\hls_burn_scars\extracted\validation\subsetted_512x512_HLS.S30.T11SMS.2020029.v1.4_merged.tif,0.4,261762,19803,3052,350,2702,19453,239257,0.015552099533437015,0.11467889908256881,0.017674089784376106,0.03062787136294028,0.9153620464391318,0.07565269214018841,0.011659446367310764,-0.06399324577287764
46,C:\Users\user\Desktop\Satq_Prithvi\datasets\hls_burn_scars\extracted\validation\subsetted_512x512_HLS.S30.T11SMT.2019309.v1.4_merged.tif,0.4,262121,4719,11696,4409,7287,310,250115,0.36723305014159585,0.37696648426812585,0.9343081161262979,0.5371915930551325,0.9710172019792386,0.018003135956294995,0.044620614143849595,0.0266174781875546
47,C:\Users\user\Desktop\Satq_Prithvi\datasets\hls_burn_scars\extracted\validation\subsetted_512x512_HLS.S30.T11SMT.2021248.v1.4_merged.tif,0.4,262140,7196,8800,6749,2051,447,252893,0.7298583324321402,0.7669318181818182,0.9378821567537521,0.8438359589897475,0.9904707408255131,0.027450980392156862,0.03356984817273213,0.006118867780575264
48,C:\Users\user\Desktop\Satq_Prithvi\datasets\hls_burn_scars\extracted\validation\subsetted_512x512_HLS.S30.T11SMU.2020299.v1.4_merged.tif,0.4,255037,194575,169343,165412,3931,29163,56531,0.8332846362326579,0.9767867582362424,0.8501194911987665,0.9090619315340268,0.8702384359916404,0.7629285162545042,0.6639938518724734,-0.0989346643820308
49,C:\Users\user\Desktop\Satq_Prithvi\datasets\hls_burn_scars\extracted\validation\subsetted_512x512_HLS.S30.T11SMV.2020234.v1.4_merged.tif,0.4,261554,41933,55160,36058,19102,5875,200519,0.590775784386008,0.653698332124728,0.8598955476593614,0.7427517946710885,0.9045053793862835,0.16032253377887548,0.2108933528066862,0.050570819027810715
50,C:\Users\user\Desktop\Satq_Prithvi\datasets\hls_burn_scars\extracted\validation\subsetted_512x512_HLS.S30.T11SNT.2020221.v1.4_merged.tif,0.4,262096,139761,151413,137620,13793,2141,108542,0.8962319444625344,0.9089047836051065,0.9846809911205558,0.9452767073983255,0.9392054819608082,0.5332435443501617,0.5777005372077407,0.04445699285757898
51,C:\Users\user\Desktop\Satq_Prithvi\datasets\hls_burn_scars\extracted\validation\subsetted_512x512_HLS.S30.T11SPB.2019281.v1.4_merged.tif,0.4,262142,14411,17356,14124,3232,287,244499,0.8005441251487843,0.8137819774141507,0.9800846575532579,0.8892246671073756,0.9865759779051049,0.0549740217134225,0.06620839087212274,0.011234369158700241
52,C:\Users\user\Desktop\Satq_Prithvi\datasets\hls_burn_scars\extracted\validation\subsetted_512x512_HLS.S30.T11SPB.2020241.v1.4_merged.tif,0.4,262144,56407,50330,45376,4954,11031,200783,0.739492511530125,0.9015696403735347,0.804439165351818,0.8502393734131556,0.9390220642089844,0.21517562866210938,0.19199371337890625,-0.023181915283203125
53,C:\Users\user\Desktop\Satq_Prithvi\datasets\hls_burn_scars\extracted\validation\subsetted_512x512_HLS.S30.T11SPD.2020184.v1.4_merged.tif,0.4,262144,37985,38897,35620,3277,2365,220882,0.8632640201638311,0.9157518574697278,0.9377385810188232,0.9266148123097734,0.9784774780273438,0.14490127563476562,0.14838027954101562,0.00347900390625
54,C:\Users\user\Desktop\Satq_Prithvi\datasets\hls_burn_scars\extracted\validation\subsetted_512x512_HLS.S30.T11SQA.2019226.v1.4_merged.tif,0.4,262144,18442,10859,10617,242,7825,243460,0.5682402055234426,0.9777143383368634,0.5756967790912049,0.7246851643288624,0.9692268371582031,0.07035064697265625,0.041423797607421875,-0.028926849365234375
55,C:\Users\user\Desktop\Satq_Prithvi\datasets\hls_burn_scars\extracted\validation\subsetted_512x512_HLS.S30.T11SQB.2020241.v1.4_merged.tif,0.4,262144,184294,90112,89936,176,94358,77674,0.4875372689326178,0.998046875,0.4880028649874657,0.6554958710815362,0.6393814086914062,0.7030258178710938,0.34375,-0.35927581787109375
56,C:\Users\user\Desktop\Satq_Prithvi\datasets\hls_burn_scars\extracted\validation\subsetted_512x512_HLS.S30.T11TLE.2019257.v1.4_merged.tif,0.4,262144,5758,7290,5597,1693,161,254693,0.7511743390148973,0.7677640603566529,0.9720389023966655,0.8579092581238502,0.9929275512695312,0.02196502685546875,0.02780914306640625,0.0058441162109375
57,C:\Users\user\Desktop\Satq_Prithvi\datasets\hls_burn_scars\extracted\validation\subsetted_512x512_HLS.S30.T11TLG.2018247.v1.4_merged.tif,0.4,262144,10436,47351,10417,36934,19,214774,0.2199071142073042,0.21999535384680366,0.9981793790724416,0.360530915257757,0.8590354919433594,0.0398101806640625,0.18062973022460938,0.14081954956054688
58,C:\Users\user\Desktop\Satq_Prithvi\datasets\hls_burn_scars\extracted\validation\subsetted_512x512_HLS.S30.T11TLH.2018152.v1.4_merged.tif,0.4,262144,4654,51911,3826,48085,828,209405,0.07254593374921785,0.07370306871376009,0.8220885259991405,0.13527799876248564,0.8134117126464844,0.01775360107421875,0.19802474975585938,0.18027114868164062
59,C:\Users\user\Desktop\Satq_Prithvi\datasets\hls_burn_scars\extracted\validation\subsetted_512x512_HLS.S30.T11TLL.2018215.v1.4_merged.tif,0.4,262143,53821,67877,52978,14899,843,193423,0.7709254947613504,0.7805000220987963,0.9843369688411586,0.8706470114545843,0.9399488065674079,0.2053116047348203,0.258931194042946,0.053619589308125715
60,C:\Users\user\Desktop\Satq_Prithvi\datasets\hls_burn_scars\extracted\validation\subsetted_512x512_HLS.S30.T11TLM.2018245.v1.4_merged.tif,0.4,262131,7719,8892,7514,1378,205,253034,0.8259865889853798,0.8450292397660819,0.9734421557196528,0.9047017036903258,0.9939610347498007,0.029447108506815294,0.033921970312553645,0.004474861805738351
61,C:\Users\user\Desktop\Satq_Prithvi\datasets\hls_burn_scars\extracted\validation\subsetted_512x512_HLS.S30.T11TLM.2019245.v1.4_merged.tif,0.4,262144,5341,6552,4913,1639,428,255164,0.7038681948424069,0.7498473748473748,0.9198651937839356,0.8262002858824519,0.9921150207519531,0.020374298095703125,0.024993896484375,0.004619598388671875
62,C:\Users\user\Desktop\Satq_Prithvi\datasets\hls_burn_scars\extracted\validation\subsetted_512x512_HLS.S30.T11TME.2019222.v1.4_merged.tif,0.4,261647,7483,8602,6551,2051,932,252113,0.6871197818334382,0.7615670774238549,0.8754510223172525,0.8145477152626671,0.9885991431203109,0.02859960175350759,0.03287635631213046,0.004276754558622874
63,C:\Users\user\Desktop\Satq_Prithvi\datasets\hls_burn_scars\extracted\validation\subsetted_512x512_HLS.S30.T11TMF.2020217.v1.4_merged.tif,0.4,262144,5291,52630,5269,47361,22,209492,0.10007217199726506,0.1001140034201026,0.9958419958419958,0.18193746654926538,0.8192481994628906,0.020183563232421875,0.20076751708984375,0.18058395385742188
64,C:\Users\user\Desktop\Satq_Prithvi\datasets\hls_burn_scars\extracted\validation\subsetted_512x512_HLS.S30.T11TMG.2019217.v1.4_merged.tif,0.4,262144,5337,22840,5181,17659,156,239148,0.22530005218298835,0.22683887915936954,0.9707700955593029,0.36774674379813327,0.9320411682128906,0.020359039306640625,0.087127685546875,0.06676864624023438
65,C:\Users\user\Desktop\Satq_Prithvi\datasets\hls_burn_scars\extracted\validation\subsetted_512x512_HLS.S30.T11TMH.2019227.v1.4_merged.tif,0.4,262144,11109,10154,9442,712,1667,250323,0.7987479908637171,0.9298798503052984,0.8499414888828878,0.8881155058082115,0.9909248352050781,0.042377471923828125,0.03873443603515625,-0.003643035888671875
66,C:\Users\user\Desktop\Satq_Prithvi\datasets\hls_burn_scars\extracted\validation\subsetted_512x512_HLS.S30.T11TMK.2018217.v1.4_merged.tif,0.4,262144,6011,6415,5738,677,273,255456,0.8579545454545454,0.8944660950896337,0.9545832640159707,0.9235474006116208,0.9963760375976562,0.022930145263671875,0.024471282958984375,0.0015411376953125
67,C:\Users\user\Desktop\Satq_Prithvi\datasets\hls_burn_scars\extracted\validation\subsetted_512x512_HLS.S30.T11TMK.2020247.v1.4_merged.tif,0.4,262144,17052,17967,16212,1755,840,243337,0.8620194608390493,0.9023209216897645,0.9507389162561576,0.9258973699991433,0.9901008605957031,0.0650482177734375,0.06853866577148438,0.003490447998046875
68,C:\Users\user\Desktop\Satq_Prithvi\datasets\hls_burn_scars\extracted\validation\subsetted_512x512_HLS.S30.T11TNF.2019224.v1.4_merged.tif,0.4,262144,7038,8559,6709,1850,329,253256,0.7548379837983799,0.7838532538847997,0.9532537652742257,0.8602936462140154,0.9916877746582031,0.02684783935546875,0.032649993896484375,0.005802154541015625
69,C:\Users\user\Desktop\Satq_Prithvi\datasets\hls_burn_scars\extracted\validation\subsetted_512x512_HLS.S30.T11TNJ.2018217.v1.4_merged.tif,0.4,262143,20395,21366,19695,1671,700,240077,0.8925496238557056,0.9217916315641673,0.9656778622211326,0.9432245396422498,0.9909553182804804,0.07780104751986511,0.08150513269475057,0.003704085174885463
70,C:\Users\user\Desktop\Satq_Prithvi\datasets\hls_burn_scars\extracted\validation\subsetted_512x512_HLS.S30.T11TNJ.2019217.v1.4_merged.tif,0.4,262144,6967,8444,6726,1718,241,253459,0.7744386873920552,0.7965419232591189,0.9654083536672886,0.8728830056453182,0.9925270080566406,0.026576995849609375,0.0322113037109375,0.005634307861328125
71,C:\Users\user\Desktop\Satq_Prithvi\datasets\hls_burn_scars\extracted\validation\subsetted_512x512_HLS.S30.T11TPE.2020219.v1.4_merged.tif,0.4,262144,27299,27381,25359,2022,1940,232823,0.8648750042631561,0.9261531719075271,0.9289351258287849,0.9275420629114851,0.9848861694335938,0.10413742065429688,0.10445022583007812,0.00031280517578125
72,C:\Users\user\Desktop\Satq_Prithvi\datasets\hls_burn_scars\extracted\validation\subsetted_512x512_HLS.S30.T11TPH.2018219.v1.4_merged.tif,0.4,262144,72194,75005,70545,4460,1649,185490,0.9203042241761682,0.9405372975134991,0.9771587666565088,0.9584983593638544,0.9766960144042969,0.27539825439453125,0.2861213684082031,0.010723114013671875
73,C:\Users\user\Desktop\Satq_Prithvi\datasets\hls_burn_scars\extracted\validation\subsetted_512x512_HLS.S30.T11TPH.2018244.v1.4_merged.tif,0.4,262144,41617,60537,41413,19124,204,201403,0.681796480136975,0.6840940251416489,0.9950981570031477,0.8107954656694794,0.92626953125,0.15875625610351562,0.23093032836914062,0.072174072265625
74,C:\Users\user\Desktop\Satq_Prithvi\datasets\hls_burn_scars\extracted\validation\subsetted_512x512_HLS.S30.T11TPH.2019244.v1.4_merged.tif,0.4,262144,6866,10089,6806,3283,60,251995,0.67060794166913,0.6745960947566657,0.9912612875036412,0.8028310232969627,0.9872474670410156,0.02619171142578125,0.038486480712890625,0.012294769287109375
75,C:\Users\user\Desktop\Satq_Prithvi\datasets\hls_burn_scars\extracted\validation\subsetted_512x512_HLS.S30.T11TPH.2020249.v1.4_merged.tif,0.4,262144,6526,9094,6441,2653,85,252965,0.7017104259723281,0.7082691884759182,0.9869751762182041,0.8247119078104994,0.9895553588867188,0.02489471435546875,0.03469085693359375,0.009796142578125
76,C:\Users\user\Desktop\Satq_Prithvi\datasets\hls_burn_scars\extracted\validation\subsetted_512x512_HLS.S30.T11TPM.2021223.v1.4_merged.tif,0.4,262144,73647,77547,68091,9456,5556,179041,0.8193567019241182,0.8780610468490077,0.9245590451749562,0.9007103456486368,0.9427337646484375,0.2809410095214844,0.2958183288574219,0.0148773193359375
77,C:\Users\user\Desktop\Satq_Prithvi\datasets\hls_burn_scars\extracted\validation\subsetted_512x512_HLS.S30.T11TQG.2018221.v1.4_merged.tif,0.4,262144,8566,10393,8337,2056,229,251522,0.7848804368292224,0.8021745405561436,0.9732664020546345,0.8794767656521969,0.9912834167480469,0.03267669677734375,0.039646148681640625,0.006969451904296875
78,C:\Users\user\Desktop\Satq_Prithvi\datasets\hls_burn_scars\extracted\validation\subsetted_512x512_HLS.S30.T11TQG.2018291.v1.4_merged.tif,0.4,262144,60125,75417,59418,15999,707,186020,0.7805422731333088,0.7878595011734755,0.9882411642411643,0.8767466910625489,0.9362716674804688,0.22935867309570312,0.2876930236816406,0.0583343505859375
79,C:\Users\user\Desktop\Satq_Prithvi\datasets\hls_burn_scars\extracted\validation\subsetted_512x512_HLS.S30.T11TQG.2020306.v1.4_merged.tif,0.4,262144,19841,26465,19477,6988,364,235315,0.7259681687725968,0.7359531456640847,0.9816541504964468,0.8412300781756145,0.971954345703125,0.07568740844726562,0.10095596313476562,0.0252685546875
80,C:\Users\user\Desktop\Satq_Prithvi\datasets\hls_burn_scars\extracted\validation\subsetted_512x512_HLS.S30.T11TQH.2018219.v1.4_merged.tif,0.4,262144,18366,17278,16857,421,1509,243357,0.8972693884068771,0.9756337539067022,0.9178373080692585,0.945853439569072,0.9926376342773438,0.07006072998046875,0.06591033935546875,-0.004150390625
81,C:\Users\user\Desktop\Satq_Prithvi\datasets\hls_burn_scars\extracted\validation\subsetted_512x512_HLS.S30.T11TQH.2019244.v1.4_merged.tif,0.4,262144,20886,28307,20503,7804,383,233454,0.7146392471244336,0.7243084749355283,0.9816623575600881,0.833573882462952,0.9687690734863281,0.07967376708984375,0.10798263549804688,0.028308868408203125
82,C:\Users\user\Desktop\Satq_Prithvi\datasets\hls_burn_scars\extracted\validation\subsetted_512x512_HLS.S30.T11ULP.2020215.v1.4_merged.tif,0.4,262144,23992,25156,23090,2066,902,236086,0.8861002379307699,0.9178724757513118,0.9624041347115705,0.9396109709449011,0.988677978515625,0.091522216796875,0.0959625244140625,0.0044403076171875
83,C:\Users\user\Desktop\Satq_Prithvi\datasets\hls_burn_scars\extracted\validation\subsetted_512x512_HLS.S30.T12RVV.2020320.v1.4_merged.tif,0.4,262144,6175,21892,6047,15845,128,240124,0.274613987284287,0.276219623606797,0.9792712550607288,0.43089749527915344,0.9390678405761719,0.023555755615234375,0.0835113525390625,0.059955596923828125
84,C:\Users\user\Desktop\Satq_Prithvi\datasets\hls_burn_scars\extracted\validation\subsetted_512x512_HLS.S30.T12RXV.2018182.v1.4_merged.tif,0.4,262144,19568,19002,17133,1869,2435,240707,0.7992256379157532,0.9016419324281655,0.8755621422730989,0.8884106818771065,0.98358154296875,0.07464599609375,0.07248687744140625,-0.00215911865234375
85,C:\Users\user\Desktop\Satq_Prithvi\datasets\hls_burn_scars\extracted\validation\subsetted_512x512_HLS.S30.T12RXV.2019062.v1.4_merged.tif,0.4,262144,6723,13612,6326,7286,397,248135,0.45156684988221857,0.46473699676755803,0.9409489811096237,0.6221785099582001,0.9706916809082031,0.025646209716796875,0.0519256591796875,0.026279449462890625
86,C:\Users\user\Desktop\Satq_Prithvi\datasets\hls_burn_scars\extracted\validation\subsetted_512x512_HLS.S30.T12STD.2018168.v1.4_merged.tif,0.4,262144,8631,7966,7404,562,1227,252951,0.8053954095507452,0.9294501631935727,0.8578380257212374,0.8922094354401398,0.9931755065917969,0.032924652099609375,0.03038787841796875,-0.002536773681640625
87,C:\Users\user\Desktop\Satq_Prithvi\datasets\hls_burn_scars\extracted\validation\subsetted_512x512_HLS.S30.T12STF.2018231.v1.4_merged.tif,0.4,262144,7669,7355,4321,3034,3348,251441,0.4037185835746987,0.5874915023793338,0.563437214760725,0.5752129925452608,0.9756546020507812,0.029254913330078125,0.028057098388671875,-0.00119781494140625
88,C:\Users\user\Desktop\Satq_Prithvi\datasets\hls_burn_scars\extracted\validation\subsetted_512x512_HLS.S30.T12STG.2018186.v1.4_merged.tif,0.4,262144,53578,58231,51820,6411,1758,202155,0.8638250345896747,0.8899040030224451,0.9671880249356078,0.9269379030310619,0.9688377380371094,0.20438385009765625,0.22213363647460938,0.017749786376953125
89,C:\Users\user\Desktop\Satq_Prithvi\datasets\hls_burn_scars\extracted\validation\subsetted_512x512_HLS.S30.T12STG.2020241.v1.4_merged.tif,0.4,262144,53737,62597,51550,11047,2187,197360,0.7957211657199309,0.8235218940204803,0.959301784617675,0.8862413395911771,0.9495162963867188,0.20499038696289062,0.23878860473632812,0.0337982177734375
90,C:\Users\user\Desktop\Satq_Prithvi\datasets\hls_burn_scars\extracted\validation\subsetted_512x512_HLS.S30.T12STJ.2020241.v1.4_merged.tif,0.4,262144,7033,5451,3620,1831,3413,253280,0.4083935018050541,0.6640983305815447,0.514716337267169,0.5799423261775072,0.9799957275390625,0.026828765869140625,0.020793914794921875,-0.00603485107421875
91,C:\Users\user\Desktop\Satq_Prithvi\datasets\hls_burn_scars\extracted\validation\subsetted_512x512_HLS.S30.T12SUC.2019223.v1.4_merged.tif,0.4,262144,33830,37757,32183,5574,1647,222740,0.8167444929448787,0.8523717456365707,0.9513154005320721,0.8991297302582871,0.9724540710449219,0.12905120849609375,0.14403152465820312,0.014980316162109375
92,C:\Users\user\Desktop\Satq_Prithvi\datasets\hls_burn_scars\extracted\validation\subsetted_512x512_HLS.S30.T12SUC.2020153.v1.4_merged.tif,0.4,262142,18080,18193,16093,2100,1987,241962,0.7974727452923687,0.8845709888418622,0.8900995575221239,0.887326661704298,0.984409213327128,0.06897025276376925,0.06940131684354281,0.00043106407977355765
93,C:\Users\user\Desktop\Satq_Prithvi\datasets\hls_burn_scars\extracted\validation\subsetted_512x512_HLS.S30.T12SUC.2020248.v1.4_merged.tif,0.4,262144,13729,28360,13504,14856,225,233559,0.47241560258877036,0.476163610719323,0.9836113336732464,0.641687851932809,0.9424705505371094,0.052371978759765625,0.108184814453125,0.055812835693359375
94,C:\Users\user\Desktop\Satq_Prithvi\datasets\hls_burn_scars\extracted\validation\subsetted_512x512_HLS.S30.T12SUD.2018168.v1.4_merged.tif,0.4,262140,23962,23521,20842,2679,3120,235499,0.7823279906910401,0.8861017813868458,0.8697938402470579,0.8778720805340859,0.9778782330052643,0.09140917067215991,0.08972686350804913,-0.0016823071641107745
95,C:\Users\user\Desktop\Satq_Prithvi\datasets\hls_burn_scars\extracted\validation\subsetted_512x512_HLS.S30.T12SUD.2020218.v1.4_merged.tif,0.4,262144,16635,21700,11479,10221,5156,235288,0.42742776288352696,0.5289861751152074,0.6900510970844604,0.5988783096387114,0.9413414001464844,0.06345748901367188,0.0827789306640625,0.019321441650390625
96,C:\Users\user\Desktop\Satq_Prithvi\datasets\hls_burn_scars\extracted\validation\subsetted_512x512_HLS.S30.T12SUE.2020218.v1.4_merged.tif,0.4,262144,6225,7143,4918,2225,1307,253694,0.5820118343195266,0.6885062298754024,0.7900401606425703,0.7357869539198084,0.9865264892578125,0.023746490478515625,0.027248382568359375,0.00350189208984375
97,C:\Users\user\Desktop\Satq_Prithvi\datasets\hls_burn_scars\extracted\validation\subsetted_512x512_HLS.S30.T12SUF.2020183.v1.4_merged.tif,0.4,262144,130199,127823,125017,2806,5182,129139,0.93994210743957,0.9780477691808204,0.9601993870920668,0.9690413995705792,0.9695281982421875,0.4966697692871094,0.4876060485839844,-0.009063720703125
98,C:\Users\user\Desktop\Satq_Prithvi\datasets\hls_burn_scars\extracted\validation\subsetted_512x512_HLS.S30.T12SUH.2020268.v1.4_merged.tif,0.4,262144,5155,7669,5026,2643,129,254346,0.644524236983842,0.6553657582474899,0.9749757516973812,0.7838427947598253,0.9894256591796875,0.019664764404296875,0.029254913330078125,0.00959014892578125
99,C:\Users\user\Desktop\Satq_Prithvi\datasets\hls_burn_scars\extracted\validation\subsetted_512x512_HLS.S30.T12SUJ.2019298.v1.4_merged.tif,0.4,261422,18830,21146,18334,2812,496,239780,0.8471490620090565,0.8670197673318831,0.9736590546999468,0.9172503502101261,0.9873461300120112,0.0720291329727414,0.08088837205743969,0.008859239084698295
100,C:\Users\user\Desktop\Satq_Prithvi\datasets\hls_burn_scars\extracted\validation\subsetted_512x512_HLS.S30.T12SUJ.2019308.v1.4_merged.tif,0.4,262133,14942,20563,14463,6100,479,241091,0.6873396065012831,0.7033506784029567,0.9679427118190336,0.8147021546261091,0.974902053537708,0.05700159842522689,0.0784449115525325,0.02144331312730561
101,C:\Users\user\Desktop\Satq_Prithvi\datasets\hls_burn_scars\extracted\validation\subsetted_512x512_HLS.S30.T12SUJ.2020186.v1.4_merged.tif,0.4,262144,202120,162334,160688,1646,41432,58378,0.7885908345847688,0.9898604112508779,0.7950128636453592,0.881801269844754,0.8356704711914062,0.771026611328125,0.6192550659179688,-0.15177154541015625
102,C:\Users\user\Desktop\Satq_Prithvi\datasets\hls_burn_scars\extracted\validation\subsetted_512x512_HLS.S30.T12SVB.2020185.v1.4_merged.tif,0.4,262144,4686,2006,1982,24,2704,257434,0.4208067940552017,0.9880358923230309,0.42296201451131027,0.5923490735206216,0.989593505859375,0.01787567138671875,0.00765228271484375,-0.010223388671875
103,C:\Users\user\Desktop\Satq_Prithvi\datasets\hls_burn_scars\extracted\validation\subsetted_512x512_HLS.S30.T12SVB.2020310.v1.4_merged.tif,0.4,262043,13079,13530,12052,1478,1027,247486,0.8279178402143299,0.8907612712490761,0.9214771771542167,0.9058589199143147,0.9904405002232458,0.049911655720626,0.05163274729719931,0.001721091576573311
104,C:\Users\user\Desktop\Satq_Prithvi\datasets\hls_burn_scars\extracted\validation\subsetted_512x512_HLS.S30.T12SVC.2018215.v1.4_merged.tif,0.4,161640,10336,8812,8404,408,1932,150896,0.7822040208488459,0.9536995006808897,0.8130804953560371,0.8777940254856904,0.9855233853006682,0.06394456817619401,0.05451620885919327,-0.009428359317000742
105,C:\Users\user\Desktop\Satq_Prithvi\datasets\hls_burn_scars\extracted\validation\subsetted_512x512_HLS.S30.T12SVC.2019280.v1.4_merged.tif,0.4,184545,34177,25518,24313,1205,9864,149163,0.6871573116273811,0.9527784309115135,0.7113848494601632,0.8145740849317362,0.9400200493104662,0.1851960226503021,0.13827521742664392,-0.046920805223658185
106,C:\Users\user\Desktop\Satq_Prithvi\datasets\hls_burn_scars\extracted\validation\subsetted_512x512_HLS.S30.T12SVD.2018310.v1.4_merged.tif,0.4,262143,30937,5041,4503,538,26434,230668,0.1430659253375695,0.8932751438206705,0.14555386753725313,0.25031963977986543,0.8971095928558077,0.1180157395009594,0.019229962272500123,-0.09878577722845927
107,C:\Users\user\Desktop\Satq_Prithvi\datasets\hls_burn_scars\extracted\validation\subsetted_512x512_HLS.S30.T12SVD.2020218.v1.4_merged.tif,0.4,262144,22860,21560,20597,963,2263,238321,0.8645846450908785,0.9553339517625232,0.9010061242344707,0.9273750562809546,0.9876937866210938,0.0872039794921875,0.082244873046875,-0.0049591064453125
108,C:\Users\user\Desktop\Satq_Prithvi\datasets\hls_burn_scars\extracted\validation\subsetted_512x512_HLS.S30.T12SWA.2018225.v1.4_merged.tif,0.4,262144,8744,578,576,2,8168,253398,0.06585867825291562,0.9965397923875432,0.06587374199451052,0.1235786311950225,0.9688339233398438,0.033355712890625,0.00220489501953125,-0.03115081787109375
109,C:\Users\user\Desktop\Satq_Prithvi\datasets\hls_burn_scars\extracted\validation\subsetted_512x512_HLS.S30.T12SXA.2020187.v1.4_merged.tif,0.4,262144,20604,17340,16106,1234,4498,240306,0.7375217510761058,0.9288350634371395,0.78169287516987,0.8489352730339448,0.9781341552734375,0.0785980224609375,0.0661468505859375,-0.012451171875
110,C:\Users\user\Desktop\Satq_Prithvi\datasets\hls_burn_scars\extracted\validation\subsetted_512x512_HLS.S30.T12SXA.2020247.v1.4_merged.tif,0.4,262144,10274,8957,7715,1242,2559,250628,0.6699374782910733,0.8613375013955565,0.7509246642008954,0.8023503717955385,0.9855003356933594,0.03919219970703125,0.034168243408203125,-0.005023956298828125
111,C:\Users\user\Desktop\Satq_Prithvi\datasets\hls_burn_scars\extracted\validation\subsetted_512x512_HLS.S30.T12SXG.2019235.v1.4_merged.tif,0.4,262088,6343,191,191,0,6152,255745,0.030111934415891533,1.0,0.030111934415891533,0.058463422099785736,0.9765269680412686,0.02420179481700803,0.0007287628582766094,-0.02347303195873142
112,C:\Users\user\Desktop\Satq_Prithvi\datasets\hls_burn_scars\extracted\validation\subsetted_512x512_HLS.S30.T12TTM.2018219.v1.4_merged.tif,0.4,262144,191417,185466,179534,5932,11883,64795,0.9097284506128737,0.9680157009910172,0.9379208743215075,0.9527306883037971,0.9320411682128906,0.7301979064941406,0.7074966430664062,-0.022701263427734375
113,C:\Users\user\Desktop\Satq_Prithvi\datasets\hls_burn_scars\extracted\validation\subsetted_512x512_HLS.S30.T12TTM.2019244.v1.4_merged.tif,0.4,262144,30860,39876,30675,9201,185,222083,0.7657072963730311,0.7692597050857659,0.9940051847051199,0.8673094322551459,0.9641952514648438,0.1177215576171875,0.1521148681640625,0.034393310546875
114,C:\Users\user\Desktop\Satq_Prithvi\datasets\hls_burn_scars\extracted\validation\subsetted_512x512_HLS.S30.T12TUK.2018231.v1.4_merged.tif,0.4,262144,59244,42969,40063,2906,19181,199994,0.6446178600160901,0.9323698480299751,0.6762372560934441,0.7839120268459002,0.9157447814941406,0.2259979248046875,0.16391372680664062,-0.062084197998046875
115,C:\Users\user\Desktop\Satq_Prithvi\datasets\hls_burn_scars\extracted\validation\subsetted_512x512_HLS.S30.T12TUM.2019231.v1.4_merged.tif,0.4,262137,11483,15747,11214,4533,269,246121,0.7001748251748252,0.7121356448847399,0.9765740660106244,0.8236503856041132,0.9816813345693283,0.04380533842990497,0.0600716419276943,0.016266303497789326
116,C:\Users\user\Desktop\Satq_Prithvi\datasets\hls_burn_scars\extracted\validation\subsetted_512x512_HLS.S30.T12TUN.2019276.v1.4_merged.tif,0.4,262144,43468,50309,43108,7201,360,211475,0.8507766089719553,0.8568645769146673,0.9917180454587282,0.9193725540377704,0.9711570739746094,0.1658172607421875,0.19191360473632812,0.026096343994140625
117,C:\Users\user\Desktop\Satq_Prithvi\datasets\hls_burn_scars\extracted\validation\subsetted_512x512_HLS.S30.T12TUN.2021215.v1.4_merged.tif,0.4,262144,7141,7996,6748,1248,393,253755,0.8043866968649422,0.8439219609804902,0.9449656910796808,0.8915901433573363,0.9937400817871094,0.027240753173828125,0.0305023193359375,0.003261566162109375
118,C:\Users\user\Desktop\Satq_Prithvi\datasets\hls_burn_scars\extracted\validation\subsetted_512x512_HLS.S30.T12TUP.2019226.v1.4_merged.tif,0.4,262144,245298,106254,106254,0,139044,16846,0.4331629283565296,1.0,0.4331629283565296,0.6044852539595849,0.4695892333984375,0.9357376098632812,0.40532684326171875,-0.5304107666015625
119,C:\Users\user\Desktop\Satq_Prithvi\datasets\hls_burn_scars\extracted\validation\subsetted_512x512_HLS.S30.T12TVK.2020308.v1.4_merged.tif,0.4,262135,15087,16829,14132,2697,955,244351,0.794646873594242,0.8397409234060254,0.9367004706038311,0.8855746334127084,0.9860682472771664,0.057554313617029396,0.0641997444065081,0.0066454307894786985
120,C:\Users\user\Desktop\Satq_Prithvi\datasets\hls_burn_scars\extracted\validation\subsetted_512x512_HLS.S30.T12TVM.2018246.v1.4_merged.tif,0.4,159741,18645,23299,18553,4746,92,136350,0.7931683125988628,0.7963002703978711,0.9950657012603915,0.884655731451459,0.9697134736855284,0.11672019080887186,0.14585485254255326,0.0291346617336814
121,C:\Users\user\Desktop\Satq_Prithvi\datasets\hls_burn_scars\extracted\validation\subsetted_512x512_HLS.S30.T12TVN.2018291.v1.4_merged.tif,0.4,261805,4501,11253,4109,7144,392,250160,0.35285530270502363,0.3651470718919399,0.9129082426127527,0.521645296432652,0.9712152174328221,0.017192185023204295,0.042982372376387,0.025790187353182708
122,C:\Users\user\Desktop\Satq_Prithvi\datasets\hls_burn_scars\extracted\validation\subsetted_512x512_HLS.S30.T12TVR.2020281.v1.4_merged.tif,0.4,262125,8167,24281,7905,16376,262,237582,0.32208776433198877,0.3255631975618797,0.9679196767478878,0.48724112426035504,0.9365264663805436,0.031156890796375774,0.09263137815927515,0.06147448736289937
123,C:\Users\user\Desktop\Satq_Prithvi\datasets\hls_burn_scars\extracted\validation\subsetted_512x512_HLS.S30.T12TWR.2020283.v1.4_merged.tif,0.4,230018,37222,46384,35970,10414,1252,182382,0.7551011839785037,0.7754829251466023,0.9663639782924077,0.8604645599598116,0.949282230086341,0.16182211826900503,0.20165378361693434,0.03983166534792931
124,C:\Users\user\Desktop\Satq_Prithvi\datasets\hls_burn_scars\extracted\validation\subsetted_512x512_HLS.S30.T12TXK.2018215.v1.4_merged.tif,0.4,261996,25633,27584,24787,2797,846,233566,0.8718607105170595,0.8986006380510441,0.9669956696445987,0.9315444312907529,0.9860952075604208,0.09783737156292463,0.10528405013817005,0.007446678575245419
125,C:\Users\user\Desktop\Satq_Prithvi\datasets\hls_burn_scars\extracted\validation\subsetted_512x512_HLS.S30.T12TXT.2018293.v1.4_merged.tif,0.4,262109,5067,12937,4870,8067,197,248975,0.3707933607431095,0.3764396691659581,0.9611209788829682,0.5409908909131304,0.9684711322388777,0.01933165209893594,0.04935732843969494,0.030025676340759
126,C:\Users\user\Desktop\Satq_Prithvi\datasets\hls_burn_scars\extracted\validation\subsetted_512x512_HLS.S30.T12TXT.2020248.v1.4_merged.tif,0.4,262144,4687,4432,3821,611,866,256846,0.7212155530388826,0.8621389891696751,0.8152336249199915,0.8380304857988815,0.9943656921386719,0.017879486083984375,0.01690673828125,-0.000972747802734375
127,C:\Users\user\Desktop\Satq_Prithvi\datasets\hls_burn_scars\extracted\validation\subsetted_512x512_HLS.S30.T12TYK.2020215.v1.4_merged.tif,0.4,261975,15219,33212,14964,18248,255,228508,0.4471270206472047,0.45056003854028664,0.983244628424995,0.6179513121760856,0.9293711231987785,0.058093329516175206,0.12677545567325127,0.06868212615707606
128,C:\Users\user\Desktop\Satq_Prithvi\datasets\hls_burn_scars\extracted\validation\subsetted_512x512_HLS.S30.T12TYT.2018153.v1.4_merged.tif,0.4,262144,30550,18730,18330,400,12220,231194,0.5922455573505654,0.9786438868126001,0.6,0.7439123376623376,0.9518585205078125,0.11653900146484375,0.07144927978515625,-0.0450897216796875
129,C:\Users\user\Desktop\Satq_Prithvi\datasets\hls_burn_scars\extracted\validation\subsetted_512x512_HLS.S30.T12TYT.2019153.v1.4_merged.tif,0.4,262144,13174,6176,5180,996,7994,247974,0.36556104446012705,0.8387305699481865,0.3931987247608927,0.5354005167958656,0.9657058715820312,0.05025482177734375,0.0235595703125,-0.02669525146484375
130,C:\Users\user\Desktop\Satq_Prithvi\datasets\hls_burn_scars\extracted\validation\subsetted_512x512_HLS.S30.T12UXU.2021250.v1.4_merged.tif,0.4,184291,36020,42369,35687,6682,333,141589,0.8357219802351178,0.8422903537964077,0.9907551360355358,0.9105104032453533,0.9619352003082082,0.19545175836041911,0.2299027082168961,0.03445094985647698
131,C:\Users\user\Desktop\Satq_Prithvi\datasets\hls_burn_scars\extracted\validation\subsetted_512x512_HLS.S30.T13REQ.2018156.v1.4_merged.tif,0.4,262144,9760,11291,9467,1824,293,250560,0.8172479281767956,0.8384554069612966,0.9699795081967213,0.8994347061897296,0.9919242858886719,0.0372314453125,0.043071746826171875,0.005840301513671875
132,C:\Users\user\Desktop\Satq_Prithvi\datasets\hls_burn_scars\extracted\validation\subsetted_512x512_HLS.S30.T13RGP.2020118.v1.4_merged.tif,0.4,262144,26039,943,942,1,25097,236104,0.03617511520737327,0.9989395546129375,0.036176504474058145,0.06982432732933067,0.9042587280273438,0.09933090209960938,0.003597259521484375,-0.095733642578125
133,C:\Users\user\Desktop\Satq_Prithvi\datasets\hls_burn_scars\extracted\validation\subsetted_512x512_HLS.S30.T13SBT.2019202.v1.4_merged.tif,0.4,262144,14807,9671,5458,4213,9349,243124,0.28696109358569927,0.5643676972391687,0.3686094414803809,0.4459514666230901,0.9482650756835938,0.056484222412109375,0.036891937255859375,-0.01959228515625
134,C:\Users\user\Desktop\Satq_Prithvi\datasets\hls_burn_scars\extracted\validation\subsetted_512x512_HLS.S30.T13SBV.2019247.v1.4_merged.tif,0.4,262144,35173,29875,29150,725,6023,226246,0.8120229539250098,0.9757322175732217,0.8287606971256362,0.8962612224818596,0.9742584228515625,0.13417434692382812,0.11396408081054688,-0.02021026611328125
135,C:\Users\user\Desktop\Satq_Prithvi\datasets\hls_burn_scars\extracted\validation\subsetted_512x512_HLS.S30.T13SCA.2019227.v1.4_merged.tif,0.4,261905,8719,18694,8021,10673,698,242513,0.41362417491749176,0.4290681502086231,0.9199449478151164,0.5851968044358515,0.9565834940150054,0.033290697008457264,0.07137702602088544,0.03808632901242818
136,C:\Users\user\Desktop\Satq_Prithvi\datasets\hls_burn_scars\extracted\validation\subsetted_512x512_HLS.S30.T13SDA.2018199.v1.4_merged.tif,0.4,261983,8031,9727,7184,2543,847,251409,0.679402307546813,0.7385627634419657,0.8945336819823185,0.8091001238878253,0.9870602290988346,0.030654660798601435,0.037128363290747875,0.0064737024921464395
137,C:\Users\user\Desktop\Satq_Prithvi\datasets\hls_burn_scars\extracted\validation\subsetted_512x512_HLS.S30.T13SDU.2018254.v1.4_merged.tif,0.4,262144,11440,9249,8797,452,2643,250252,0.739741002354524,0.9511298518758785,0.7689685314685315,0.8504035961138768,0.9881935119628906,0.04364013671875,0.035282135009765625,-0.008358001708984375
138,C:\Users\user\Desktop\Satq_Prithvi\datasets\hls_burn_scars\extracted\validation\subsetted_512x512_HLS.S30.T13SEB.2020249.v1.4_merged.tif,0.4,262087,7825,32627,7372,25255,453,229007,0.22285368802902056,0.2259478346155025,0.9421086261980831,0.36448136062493824,0.9019104343214276,0.02985649803309588,0.12448919633556796,0.09463269830247208
139,C:\Users\user\Desktop\Satq_Prithvi\datasets\hls_burn_scars\extracted\validation\subsetted_512x512_HLS.S30.T13SFA.2018159.v1.4_merged.tif,0.4,262144,5788,12791,4991,7800,797,248556,0.3673093906387989,0.39019623172543194,0.8623013130615066,0.5372732655148285,0.9672050476074219,0.0220794677734375,0.048793792724609375,0.026714324951171875
140,C:\Users\user\Desktop\Satq_Prithvi\datasets\hls_burn_scars\extracted\validation\subsetted_512x512_HLS.S30.T13SFB.2019219.v1.4_merged.tif,0.4,262144,9024,9137,7794,1343,1230,251777,0.7518086235169287,0.8530152128707453,0.8636968085106383,0.8583227795826222,0.9901847839355469,0.034423828125,0.034854888916015625,0.000431060791015625
141,C:\Users\user\Desktop\Satq_Prithvi\datasets\hls_burn_scars\extracted\validation\subsetted_512x512_HLS.S30.T13SFB.2020164.v1.4_merged.tif,0.4,262144,7503,16355,5950,10405,1553,244236,0.3322537413446504,0.36380311831244266,0.7930161268825803,0.4987844748092882,0.9543838500976562,0.028621673583984375,0.062389373779296875,0.0337677001953125
142,C:\Users\user\Desktop\Satq_Prithvi\datasets\hls_burn_scars\extracted\validation\subsetted_512x512_HLS.S30.T13SFS.2018196.v1.4_merged.tif,0.4,262143,13316,3214,3183,31,10133,248796,0.23848055742863564,0.9903546981953951,0.23903574647041154,0.3851179673321234,0.9612272690859569,0.05079670256310487,0.012260483781752707,-0.03853621878135216
143,C:\Users\user\Desktop\Satq_Prithvi\datasets\hls_burn_scars\extracted\validation\subsetted_512x512_HLS.S30.T13SFT.2019171.v1.4_merged.tif,0.4,262144,8496,10240,4028,6212,4468,247436,0.2738645635028556,0.393359375,0.474105461393597,0.4299743808710504,0.959259033203125,0.03240966796875,0.0390625,0.00665283203125
144,C:\Users\user\Desktop\Satq_Prithvi\datasets\hls_burn_scars\extracted\validation\subsetted_512x512_HLS.S30.T13TBF.2018190.v1.4_merged.tif,0.4,262144,76877,82508,74749,7759,2128,177508,0.8831820974526207,0.9059606341203277,0.97231941933218,0.9379678137842331,0.9622840881347656,0.2932624816894531,0.3147430419921875,0.021480560302734375
145,C:\Users\user\Desktop\Satq_Prithvi\datasets\hls_burn_scars\extracted\validation\subsetted_512x512_HLS.S30.T13TCH.2020280.v1.4_merged.tif,0.4,262144,10018,11249,9340,1909,678,250217,0.7830971744780749,0.8302960263134501,0.9323218207226991,0.8783561386185168,0.9901313781738281,0.03821563720703125,0.042911529541015625,0.004695892333984375
146,C:\Users\user\Desktop\Satq_Prithvi\datasets\hls_burn_scars\extracted\validation\subsetted_512x512_HLS.S30.T13TCL.2019150.v1.4_merged.tif,0.4,262144,5180,5142,3549,1593,1631,255371,0.5239923224568138,0.690198366394399,0.6851351351351351,0.6876574307304785,0.987701416015625,0.0197601318359375,0.01961517333984375,-0.00014495849609375
147,C:\Users\user\Desktop\Satq_Prithvi\datasets\hls_burn_scars\extracted\validation\subsetted_512x512_HLS.S30.T13TDH.2018292.v1.4_merged.tif,0.4,262144,17652,19207,16889,2318,763,242174,0.8457185778668002,0.8793148331337534,0.9567754362111942,0.9164111885835209,0.9882469177246094,0.0673370361328125,0.07326889038085938,0.005931854248046875
148,C:\Users\user\Desktop\Satq_Prithvi\datasets\hls_burn_scars\extracted\validation\subsetted_512x512_HLS.S30.T13TDK.2020217.v1.4_merged.tif,0.4,262144,49665,49248,46182,3066,3483,209413,0.8758036069864027,0.9377436647173489,0.9298701298701298,0.933790300567165,0.9750175476074219,0.18945693969726562,0.1878662109375,-0.001590728759765625
149,C:\Users\user\Desktop\Satq_Prithvi\datasets\hls_burn_scars\extracted\validation\subsetted_512x512_HLS.S30.T13TDL.2020187.v1.4_merged.tif,0.4,262144,10637,10495,9306,1189,1331,250318,0.786910197869102,0.8867079561696046,0.8748707342295761,0.8807495741056219,0.990386962890625,0.040576934814453125,0.040035247802734375,-0.00054168701171875
150,C:\Users\user\Desktop\Satq_Prithvi\datasets\hls_burn_scars\extracted\validation\subsetted_512x512_HLS.S30.T13TDL.2020245.v1.4_merged.tif,0.4,262144,8327,8172,7461,711,866,253106,0.8255144943571586,0.9129955947136564,0.8960009607301549,0.9044184496030062,0.9939842224121094,0.031764984130859375,0.0311737060546875,-0.000591278076171875
151,C:\Users\user\Desktop\Satq_Prithvi\datasets\hls_burn_scars\extracted\validation\subsetted_512x512_HLS.S30.T13TDL.2020280.v1.4_merged.tif,0.4,262144,131181,137122,128933,8189,2248,122774,0.9251130085384229,0.9402794591677485,0.9828633719822231,0.9610999504291791,0.9601860046386719,0.5004158020019531,0.5230789184570312,0.022663116455078125
152,C:\Users\user\Desktop\Satq_Prithvi\datasets\hls_burn_scars\extracted\validation\subsetted_512x512_HLS.S30.T13TEE.2020214.v1.4_merged.tif,0.4,262144,9896,15005,9850,5155,46,247093,0.6544415653444954,0.6564478507164279,0.9953516572352465,0.7911328862294686,0.9801597595214844,0.037750244140625,0.057239532470703125,0.019489288330078125
153,C:\Users\user\Desktop\Satq_Prithvi\datasets\hls_burn_scars\extracted\validation\subsetted_512x512_HLS.S30.T13TEE.2020249.v1.4_merged.tif,0.4,262144,7096,8371,6874,1497,222,253551,0.7999534504829512,0.8211683191972285,0.9687147688838782,0.888860153875994,0.9934425354003906,0.027069091796875,0.031932830810546875,0.004863739013671875
154,C:\Users\user\Desktop\Satq_Prithvi\datasets\hls_burn_scars\extracted\validation\subsetted_512x512_HLS.S30.T13TFG.2020274.v1.4_merged.tif,0.4,262144,15449,15632,14287,1345,1162,245350,0.8507204954150291,0.9139585465711362,0.9247847757136384,0.9193397895820599,0.9904365539550781,0.058933258056640625,0.05963134765625,0.000698089599609375
155,C:\Users\user\Desktop\Satq_Prithvi\datasets\hls_burn_scars\extracted\validation\subsetted_512x512_HLS.S30.T13TFN.2018157.v1.4_merged.tif,0.4,262144,35240,24853,23831,1022,11409,225882,0.6571893442170867,0.9588782038385708,0.6762485811577753,0.7931373038457058,0.9525794982910156,0.134429931640625,0.09480667114257812,-0.039623260498046875
156,C:\Users\user\Desktop\Satq_Prithvi\datasets\hls_burn_scars\extracted\validation\subsetted_512x512_HLS.S30.T13TFN.2019152.v1.4_merged.tif,0.4,262144,7479,33561,7057,26504,422,228161,0.20766265485684018,0.2102738297428563,0.943575344297366,0.3439083820662768,0.8972854614257812,0.028530120849609375,0.12802505493164062,0.09949493408203125
157,C:\Users\user\Desktop\Satq_Prithvi\datasets\hls_burn_scars\extracted\validation\subsetted_512x512_HLS.S30.T13TGE.2018136.v1.4_merged.tif,0.4,262144,8390,8195,3361,4834,5029,248920,0.25415910465819724,0.4101281269066504,0.40059594755661504,0.40530599939704554,0.9623756408691406,0.03200531005859375,0.031261444091796875,-0.000743865966796875
158,C:\Users\user\Desktop\Satq_Prithvi\datasets\hls_burn_scars\extracted\validation\subsetted_512x512_HLS.S30.T13TGJ.2020309.v1.4_merged.tif,0.4,262144,10476,10463,9327,1136,1149,250532,0.8032208060626937,0.891426933002007,0.8903207331042382,0.8908734896604422,0.9912834167480469,0.0399627685546875,0.039913177490234375,-4.9591064453125e-05
159,C:\Users\user\Desktop\Satq_Prithvi\datasets\hls_burn_scars\extracted\validation\subsetted_512x512_HLS.S30.T14RKV.2018213.v1.4_merged.tif,0.4,262144,5633,9696,4037,5659,1596,250852,0.3575097414098477,0.4163572607260726,0.7166696254216226,0.5267140713679953,0.9723243713378906,0.021488189697265625,0.0369873046875,0.015499114990234375
160,C:\Users\user\Desktop\Satq_Prithvi\datasets\hls_burn_scars\extracted\validation\subsetted_512x512_HLS.S30.T14RKV.2020278.v1.4_merged.tif,0.4,262144,4636,5983,4249,1734,387,255774,0.667032967032967,0.7101788400467993,0.9165228645383952,0.8002636783124589,0.9919090270996094,0.0176849365234375,0.022823333740234375,0.005138397216796875
161,C:\Users\user\Desktop\Satq_Prithvi\datasets\hls_burn_scars\extracted\validation\subsetted_512x512_HLS.S30.T14RLV.2019223.v1.4_merged.tif,0.4,262144,4821,3949,3673,276,1148,257047,0.7206199725328625,0.9301088883261586,0.7618751296411533,0.8376282782212088,0.99456787109375,0.018390655517578125,0.015064239501953125,-0.003326416015625
162,C:\Users\user\Desktop\Satq_Prithvi\datasets\hls_burn_scars\extracted\validation\subsetted_512x512_HLS.S30.T14RLV.2019348.v1.4_merged.tif,0.4,262144,8061,4956,4669,287,3392,253796,0.5592956396741735,0.942090395480226,0.5792085349212257,0.7173695936083583,0.9859657287597656,0.030750274658203125,0.0189056396484375,-0.011844635009765625
163,C:\Users\user\Desktop\Satq_Prithvi\datasets\hls_burn_scars\extracted\validation\subsetted_512x512_HLS.S30.T14RMV.2020280.v1.4_merged.tif,0.4,262144,43731,29580,29144,436,14587,217977,0.6598591708741821,0.9852603110209601,0.6664379959296609,0.7950785011799048,0.9426918029785156,0.16682052612304688,0.1128387451171875,-0.053981781005859375
164,C:\Users\user\Desktop\Satq_Prithvi\datasets\hls_burn_scars\extracted\validation\subsetted_512x512_HLS.S30.T14RNQ.2021051.v1.4_merged.tif,0.4,262144,9788,23934,9253,14681,535,237675,0.3781519473619682,0.3866048299490265,0.9453412341642828,0.5487812110788209,0.94195556640625,0.0373382568359375,0.09130096435546875,0.05396270751953125
165,C:\Users\user\Desktop\Satq_Prithvi\datasets\hls_burn_scars\extracted\validation\subsetted_512x512_HLS.S30.T14RNV.2018215.v1.4_merged.tif,0.4,262120,6594,6416,6001,415,593,255111,0.856184905121986,0.9353179551122195,0.9100697603882317,0.922521137586472,0.9961544330840836,0.02515641690828628,0.024477338623531207,-0.0006790782847550733
166,C:\Users\user\Desktop\Satq_Prithvi\datasets\hls_burn_scars\extracted\validation\subsetted_512x512_HLS.S30.T14RPS.2019257.v1.4_merged.tif,0.4,262144,4504,4893,4074,819,430,256821,0.7653578808942326,0.8326180257510729,0.9045293072824157,0.8670852399702033,0.9952354431152344,0.017181396484375,0.018665313720703125,0.001483917236328125
167,C:\Users\user\Desktop\Satq_Prithvi\datasets\hls_burn_scars\extracted\validation\subsetted_512x512_HLS.S30.T14SKA.2019278.v1.4_merged.tif,0.4,262144,10131,9820,9031,789,1100,251224,0.827014652014652,0.9196537678207739,0.8914223669923995,0.9053180291714701,0.9927940368652344,0.038646697998046875,0.0374603271484375,-0.001186370849609375
168,C:\Users\user\Desktop\Satq_Prithvi\datasets\hls_burn_scars\extracted\validation\subsetted_512x512_HLS.S30.T14SKB.2019268.v1.4_merged.tif,0.4,262144,8736,4315,4117,198,4619,253210,0.46082381911797626,0.9541135573580533,0.471268315018315,0.6309095088498966,0.9816246032714844,0.0333251953125,0.016460418701171875,-0.016864776611328125
169,C:\Users\user\Desktop\Satq_Prithvi\datasets\hls_burn_scars\extracted\validation\subsetted_512x512_HLS.S30.T14SKD.2018156.v1.4_merged.tif,0.4,262144,164778,172855,162367,10488,2411,86878,0.926403295562174,0.9393248676636488,0.9853681923557757,0.9617957960270471,0.9507942199707031,0.6285781860351562,0.6593894958496094,0.030811309814453125
170,C:\Users\user\Desktop\Satq_Prithvi\datasets\hls_burn_scars\extracted\validation\subsetted_512x512_HLS.S30.T14SKE.2018156.v1.4_merged.tif,0.4,262144,6417,7400,5396,2004,1021,253723,0.6407790048687805,0.7291891891891892,0.8408913822658564,0.7810668017659406,0.9884605407714844,0.024478912353515625,0.028228759765625,0.003749847412109375
171,C:\Users\user\Desktop\Satq_Prithvi\datasets\hls_burn_scars\extracted\validation\subsetted_512x512_HLS.S30.T14SKF.2019246.v1.4_merged.tif,0.4,262144,5345,5040,4417,623,928,256176,0.7401139410187667,0.8763888888888889,0.8263797942001871,0.8506499759268176,0.9940834045410156,0.020389556884765625,0.01922607421875,-0.001163482666015625
172,C:\Users\user\Desktop\Satq_Prithvi\datasets\hls_burn_scars\extracted\validation\subsetted_512x512_HLS.S30.T14SLC.2019258.v1.4_merged.tif,0.4,262116,7821,9117,7473,1644,348,252651,0.789540412044374,0.8196775255018098,0.9555044112006137,0.8823946156571023,0.9924003113125487,0.029837934349677242,0.034782310122235954,0.004944375772558712
173,C:\Users\user\Desktop\Satq_Prithvi\datasets\hls_burn_scars\extracted\validation\subsetted_512x512_HLS.S30.T14SLD.2018163.v1.4_merged.tif,0.4,262144,16338,15482,14416,1066,1922,244740,0.8283153298092393,0.9311458467898205,0.8823601420002448,0.9060967944688875,0.9886016845703125,0.06232452392578125,0.05905914306640625,-0.003265380859375
174,C:\Users\user\Desktop\Satq_Prithvi\datasets\hls_burn_scars\extracted\validation\subsetted_512x512_HLS.S30.T14SMA.2020185.v1.4_merged.tif,0.4,262143,4489,3392,3242,150,1247,257504,0.6988575123949127,0.9557783018867925,0.7222098462909334,0.8227382311889355,0.9946708475908187,0.017124241349187275,0.012939502485284748,-0.004184738863902526
175,C:\Users\user\Desktop\Satq_Prithvi\datasets\hls_burn_scars\extracted\validation\subsetted_512x512_HLS.S30.T14SMB.2019228.v1.4_merged.tif,0.4,262138,11260,13120,10370,2750,890,248128,0.7401855817273376,0.7903963414634146,0.9209591474245116,0.8506972928630024,0.9861141841320221,0.04295447436083284,0.0500499736779864,0.0070954993171535585
176,C:\Users\user\Desktop\Satq_Prithvi\datasets\hls_burn_scars\extracted\validation\subsetted_512x512_HLS.S30.T14SMC.2018213.v1.4_merged.tif,0.4,262144,19181,33140,18930,14210,251,228753,0.5669192297325627,0.5712130356065178,0.986914133778218,0.7236100227442136,0.9448356628417969,0.07316970825195312,0.1264190673828125,0.053249359130859375
177,C:\Users\user\Desktop\Satq_Prithvi\datasets\hls_burn_scars\extracted\validation\subsetted_512x512_HLS.S30.T14SNA.2018215.v1.4_merged.tif,0.4,262144,7414,6710,6203,507,1211,254223,0.783108193409923,0.924441132637854,0.8366603722686808,0.878363069951855,0.9934463500976562,0.02828216552734375,0.02559661865234375,-0.002685546875
178,C:\Users\user\Desktop\Satq_Prithvi\datasets\hls_burn_scars\extracted\validation\subsetted_512x512_HLS.S30.T14SND.2018125.v1.4_merged.tif,0.4,262140,22250,20208,19783,425,2467,239465,0.8724586549062845,0.9789687252573238,0.8891235955056179,0.9318856281501718,0.9889677271686885,0.08487830930037385,0.07708857862211033,-0.007789730678263523
179,C:\Users\user\Desktop\Satq_Prithvi\datasets\hls_burn_scars\extracted\validation\subsetted_512x512_HLS.S30.T14SNG.2020118.v1.4_merged.tif,0.4,262144,25639,23925,22521,1404,3118,235101,0.8327848241689162,0.9413166144200626,0.8783883926830219,0.908764425792914,0.9827499389648438,0.09780502319335938,0.09126663208007812,-0.00653839111328125
180,C:\Users\user\Desktop\Satq_Prithvi\datasets\hls_burn_scars\extracted\validation\subsetted_512x512_HLS.S30.T14SPD.2018100.v1.4_merged.tif,0.4,262144,4836,7936,4757,3179,79,254129,0.593512164691204,0.5994203629032258,0.9836641852770885,0.7449107422486689,0.9875717163085938,0.0184478759765625,0.0302734375,0.0118255615234375
181,C:\Users\user\Desktop\Satq_Prithvi\datasets\hls_burn_scars\extracted\validation\subsetted_512x512_HLS.S30.T14SPF.2019345.v1.4_merged.tif,0.4,262144,5100,8327,5046,3281,54,253763,0.6020761245674741,0.605980545214363,0.9894117647058823,0.751619870410367,0.9872779846191406,0.0194549560546875,0.031764984130859375,0.012310028076171875
182,C:\Users\user\Desktop\Satq_Prithvi\datasets\hls_burn_scars\extracted\validation\subsetted_512x512_HLS.S30.T14SPH.2018125.v1.4_merged.tif,0.4,262144,11610,91748,11293,80455,317,170079,0.12266333568674306,0.12308715176352618,0.9726959517657192,0.21852203022504305,0.6918792724609375,0.04428863525390625,0.3499908447265625,0.30570220947265625
183,C:\Users\user\Desktop\Satq_Prithvi\datasets\hls_burn_scars\extracted\validation\subsetted_512x512_HLS.S30.T14SPJ.2019345.v1.4_merged.tif,0.4,262144,38816,54491,38216,16275,600,207053,0.6936886242761976,0.7013268246132389,0.9845424567188789,0.8191454017383476,0.9356269836425781,0.1480712890625,0.20786666870117188,0.059795379638671875
184,C:\Users\user\Desktop\Satq_Prithvi\datasets\hls_burn_scars\extracted\validation\subsetted_512x512_HLS.S30.T14SQE.2018075.v1.4_merged.tif,0.4,262144,5067,12517,4478,8039,589,249038,0.341675568441935,0.35775345530079095,0.8837576475231893,0.509326660600546,0.9670867919921875,0.019329071044921875,0.047748565673828125,0.02841949462890625
185,C:\Users\user\Desktop\Satq_Prithvi\datasets\hls_burn_scars\extracted\validation\subsetted_512x512_HLS.S30.T14SQE.2018100.v1.4_merged.tif,0.4,262144,5215,2095,2053,42,3162,256887,0.390526916492296,0.9799522673031026,0.39367209971236816,0.5616963064295486,0.9877777099609375,0.019893646240234375,0.007991790771484375,-0.01190185546875
186,C:\Users\user\Desktop\Satq_Prithvi\datasets\hls_burn_scars\extracted\validation\subsetted_512x512_HLS.S30.T14SQG.2020085.v1.4_merged.tif,0.4,262141,7866,9827,7326,2501,540,251774,0.706665380534388,0.7454970998270072,0.931350114416476,0.8281241168823829,0.9883993728565924,0.03000675209143171,0.03748745903921935,0.00748070694778764
187,C:\Users\user\Desktop\Satq_Prithvi\datasets\hls_burn_scars\extracted\validation\subsetted_512x512_HLS.S30.T14SQH.2018125.v1.4_merged.tif,0.4,262144,18688,26696,18401,8295,287,235161,0.6819478931178891,0.6892792927779443,0.984642551369863,0.8109025207121454,0.9672622680664062,0.0712890625,0.101837158203125,0.030548095703125
188,C:\Users\user\Desktop\Satq_Prithvi\datasets\hls_burn_scars\extracted\validation\subsetted_512x512_HLS.S30.T14TKM.2019144.v1.4_merged.tif,0.4,262094,27511,21169,19820,1349,7691,233234,0.6867636867636867,0.9362747413670934,0.7204390970884373,0.8142974527526705,0.9655085579982754,0.1049661571802483,0.08076873182903843,-0.024197425351209875
189,C:\Users\user\Desktop\Satq_Prithvi\datasets\hls_burn_scars\extracted\validation\subsetted_512x512_HLS.S30.T14UQU.2019163.v1.4_merged.tif,0.4,262144,2831,36701,2504,34197,327,225116,0.06762450037809226,0.0682270237868178,0.8844931119745673,0.12668218152382882,0.8683013916015625,0.010799407958984375,0.14000320434570312,0.12920379638671875
190,C:\Users\user\Desktop\Satq_Prithvi\datasets\hls_burn_scars\extracted\validation\subsetted_512x512_HLS.S30.T15RVQ.2021063.v1.4_merged.tif,0.4,262144,13418,7327,7029,298,6389,248428,0.5124671916010499,0.9593285109867613,0.5238485616336265,0.6776572668112798,0.9744911193847656,0.05118560791015625,0.027950286865234375,-0.023235321044921875
191,C:\Users\user\Desktop\Satq_Prithvi\datasets\hls_burn_scars\extracted\validation\subsetted_512x512_HLS.S30.T15RWQ.2021063.v1.4_merged.tif,0.4,262142,2439,1420,1402,18,1037,259685,0.5706145706145707,0.9873239436619718,0.5748257482574826,0.7266131122052345,0.9959754636799902,0.00930411761564343,0.0054169114449420545,-0.0038872061707013747
192,C:\Users\user\Desktop\Satq_Prithvi\datasets\hls_burn_scars\extracted\validation\subsetted_512x512_HLS.S30.T15RWQ.2021098.v1.4_merged.tif,0.4,262139,11605,6972,5544,1428,6061,249106,0.4253817233177319,0.7951807228915663,0.4777251184834123,0.5968670937180385,0.9714311872708754,0.04427040615856473,0.02659657662537814,-0.01767382953318659
193,C:\Users\user\Desktop\Satq_Prithvi\datasets\hls_burn_scars\extracted\validation\subsetted_512x512_HLS.S30.T15RXQ.2020106.v1.4_merged.tif,0.4,262144,3874,0,0,0,3874,258270,0.0,0.0,0.0,0.0,0.9852218627929688,0.01477813720703125,0.0,-0.01477813720703125
194,C:\Users\user\Desktop\Satq_Prithvi\datasets\hls_burn_scars\extracted\validation\subsetted_512x512_HLS.S30.T15STA.2018125.v1.4_merged.tif,0.4,216341,43008,34510,25899,8611,17109,164722,0.5017338576880606,0.7504781222833962,0.6021902901785714,0.6682060940684743,0.8811136123064977,0.19879726912605564,0.15951668893090076,-0.039280580195154874
195,C:\Users\user\Desktop\Satq_Prithvi\datasets\hls_burn_scars\extracted\validation\subsetted_512x512_HLS.S30.T15SVU.2018114.v1.4_merged.tif,0.4,262144,24234,9448,9444,4,14790,237906,0.3896361085898176,0.9995766299745978,0.38970042089626145,0.5607743008134908,0.9435653686523438,0.09244537353515625,0.036041259765625,-0.05640411376953125
196,C:\Users\user\Desktop\Satq_Prithvi\datasets\hls_burn_scars\extracted\validation\subsetted_512x512_HLS.S30.T15SVU.2021063.v1.4_merged.tif,0.4,262142,3165,2748,2664,84,501,258893,0.8199445983379502,0.9694323144104804,0.8417061611374408,0.9010654490106546,0.9977683850737387,0.012073608960029297,0.010482868063873779,-0.001590740896155518
197,C:\Users\user\Desktop\Satq_Prithvi\datasets\hls_burn_scars\extracted\validation\subsetted_512x512_HLS.S30.T15SVU.2021098.v1.4_merged.tif,0.4,262144,25364,14237,14062,175,11302,236605,0.5506088727044912,0.9877080845683782,0.5544078221100772,0.710184086260448,0.9562187194824219,0.0967559814453125,0.054309844970703125,-0.042446136474609375
198,C:\Users\user\Desktop\Satq_Prithvi\datasets\hls_burn_scars\extracted\validation\subsetted_512x512_HLS.S30.T15SWR.2021128.v1.4_merged.tif,0.4,262144,11873,0,0,0,11873,250271,0.0,0.0,0.0,0.0,0.9547080993652344,0.045291900634765625,0.0,-0.045291900634765625
199,C:\Users\user\Desktop\Satq_Prithvi\datasets\hls_burn_scars\extracted\validation\subsetted_512x512_HLS.S30.T15SWV.2021093.v1.4_merged.tif,0.4,262142,30580,29446,27989,1457,2591,230105,0.8736460967006898,0.9505195951911974,0.9152714192282537,0.9325625562256356,0.9845579876555455,0.11665433238473805,0.11232843268152376,-0.0043258997032142865
200,C:\Users\user\Desktop\Satq_Prithvi\datasets\hls_burn_scars\extracted\validation\subsetted_512x512_HLS.S30.T15SXA.2021093.v1.4_merged.tif,0.4,262144,11288,8985,8790,195,2498,250661,0.7654794043368458,0.9782971619365609,0.7787030474840538,0.8671632220194347,0.9897270202636719,0.043060302734375,0.034275054931640625,-0.008785247802734375
201,C:\Users\user\Desktop\Satq_Prithvi\datasets\hls_burn_scars\extracted\validation\subsetted_512x512_HLS.S30.T15SXB.2019134.v1.4_merged.tif,0.4,262144,4097,2621,2020,601,2077,257446,0.42997020008514264,0.7706982067913011,0.49304369050524777,0.6013694551949985,0.9897842407226562,0.015628814697265625,0.009998321533203125,-0.0056304931640625
202,C:\Users\user\Desktop\Satq_Prithvi\datasets\hls_burn_scars\extracted\validation\subsetted_512x512_HLS.S30.T15SXB.2020089.v1.4_merged.tif,0.4,262144,8265,6194,6159,35,2106,253844,0.7420481927710844,0.9943493703584113,0.7451905626134301,0.8519261359706758,0.9918327331542969,0.031528472900390625,0.02362823486328125,-0.007900238037109375
203,C:\Users\user\Desktop\Satq_Prithvi\datasets\hls_burn_scars\extracted\validation\subsetted_512x512_HLS.S30.T15SYR.2021110.v1.4_merged.tif,0.4,262144,13615,0,0,0,13615,248529,0.0,0.0,0.0,0.0,0.9480628967285156,0.051937103271484375,0.0,-0.051937103271484375
204,C:\Users\user\Desktop\Satq_Prithvi\datasets\hls_burn_scars\extracted\validation\subsetted_512x512_HLS.S30.T15TVN.2018135.v1.4_merged.tif,0.4,262144,15921,10257,8638,1619,7283,244604,0.49247434435575826,0.8421565759968802,0.5425538596821807,0.6599434639773856,0.9660415649414062,0.060733795166015625,0.039127349853515625,-0.0216064453125
205,C:\Users\user\Desktop\Satq_Prithvi\datasets\hls_burn_scars\extracted\validation\subsetted_512x512_HLS.S30.T15TVN.2019140.v1.4_merged.tif,0.4,262117,8275,2872,1296,1576,6979,252266,0.1315602476905898,0.45125348189415043,0.15661631419939578,0.23252893155109,0.9673619032722028,0.0315698714696109,0.010956939076824471,-0.02061293239278643
206,C:\Users\user\Desktop\Satq_Prithvi\datasets\hls_burn_scars\extracted\validation\subsetted_512x512_HLS.S30.T15TXM.2018187.v1.4_merged.tif,0.4,261853,4321,471,429,42,3892,257490,0.09832683933073573,0.910828025477707,0.09928257347836149,0.17904841402337227,0.9849763034985278,0.01650162495751433,0.0017987191286714301,-0.014702905828842901
207,C:\Users\user\Desktop\Satq_Prithvi\datasets\hls_burn_scars\extracted\validation\subsetted_512x512_HLS.S30.T15TYL.2019159.v1.4_merged.tif,0.4,262143,5640,3380,3225,155,2415,256348,0.5565142364106989,0.9541420118343196,0.5718085106382979,0.7150776053215077,0.990196190628779,0.02151497465123997,0.0128937259434736,-0.008621248707766371
208,C:\Users\user\Desktop\Satq_Prithvi\datasets\hls_burn_scars\extracted\validation\subsetted_512x512_HLS.S30.T16RBV.2018158.v1.4_merged.tif,0.4,261722,4267,933,931,2,3336,257453,0.21808386038884986,0.9978563772775991,0.21818607921256153,0.3580769230769231,0.9872460091241853,0.016303558737897465,0.003564851254384423,-0.01273870748351304
209,C:\Users\user\Desktop\Satq_Prithvi\datasets\hls_burn_scars\extracted\validation\subsetted_512x512_HLS.S30.T16RCU.2020118.v1.4_merged.tif,0.4,262144,7195,5527,4179,1348,3016,253601,0.4891724218658551,0.7561063868282974,0.5808200138985407,0.6569721741864487,0.9833526611328125,0.027446746826171875,0.021083831787109375,-0.0063629150390625
210,C:\Users\user\Desktop\Satq_Prithvi\datasets\hls_burn_scars\extracted\validation\subsetted_512x512_HLS.S30.T16REV.2018130.v1.4_merged.tif,0.4,262139,4194,3092,2750,342,1444,257603,0.6062610229276896,0.889391979301423,0.6556986170720076,0.7548723579467471,0.9931868207325122,0.015999145491514044,0.011795268922213024,-0.00420387656930102
211,C:\Users\user\Desktop\Satq_Prithvi\datasets\hls_burn_scars\extracted\validation\subsetted_512x512_HLS.S30.T16REV.2019135.v1.4_merged.tif,0.4,262129,3086,2083,0,2083,3086,256960,0.0,0.0,0.0,0.0,0.9802807014866726,0.011772829408421044,0.007946469104906363,-0.0038263603035146813
212,C:\Users\user\Desktop\Satq_Prithvi\datasets\hls_burn_scars\extracted\validation\subsetted_512x512_HLS.S30.T16REV.2020060.v1.4_merged.tif,0.4,262144,14984,5703,1996,3707,12988,243453,0.10678936386496174,0.349991232684552,0.13320875600640683,0.19297143133368783,0.9363136291503906,0.057159423828125,0.021755218505859375,-0.035404205322265625
213,C:\Users\user\Desktop\Satq_Prithvi\datasets\hls_burn_scars\extracted\validation\subsetted_512x512_HLS.S30.T16REV.2021129.v1.4_merged.tif,0.4,262046,9623,7114,5291,1823,4332,250600,0.46225755722523154,0.743744728703964,0.5498285357996466,0.6322518969946824,0.9765117574776948,0.036722560161193074,0.02714790532959862,-0.009574654831594455
214,C:\Users\user\Desktop\Satq_Prithvi\datasets\hls_burn_scars\extracted\validation\subsetted_512x512_HLS.S30.T16RFU.2019105.v1.4_merged.tif,0.4,262133,3269,3868,2809,1059,460,257805,0.6490295748613678,0.7262150982419855,0.8592841847659834,0.7871654756900657,0.9942052316953608,0.012470768655606123,0.014755868204308499,0.0022850995487023757
215,C:\Users\user\Desktop\Satq_Prithvi\datasets\hls_burn_scars\extracted\validation\subsetted_512x512_HLS.S30.T16RFU.2019250.v1.4_merged.tif,0.4,262144,14400,1995,1986,9,12414,247735,0.13783052259004788,0.9954887218045113,0.13791666666666666,0.24226898444647763,0.9526100158691406,0.054931640625,0.007610321044921875,-0.047321319580078125
216,C:\Users\user\Desktop\Satq_Prithvi\datasets\hls_burn_scars\extracted\validation\subsetted_512x512_HLS.S30.T16RFU.2019305.v1.4_merged.tif,0.4,262144,3720,571,570,1,3150,258423,0.15318462778822897,0.9982486865148862,0.1532258064516129,0.26567233745047775,0.9879798889160156,0.014190673828125,0.002178192138671875,-0.012012481689453125
217,C:\Users\user\Desktop\Satq_Prithvi\datasets\hls_burn_scars\extracted\validation\subsetted_512x512_HLS.S30.T16RFU.2021069.v1.4_merged.tif,0.4,262141,30526,3890,1208,2682,29318,228933,0.036376776680317996,0.31053984575835475,0.039572823167136215,0.0701999070199907,0.8779282905001506,0.11644878138101251,0.014839342186075433,-0.10160943919493708
218,C:\Users\user\Desktop\Satq_Prithvi\datasets\hls_burn_scars\extracted\validation\subsetted_512x512_HLS.S30.T16RGU.2018107.v1.4_merged.tif,0.4,262144,11536,7444,6058,1386,5478,249222,0.4688128772635815,0.8138097796883396,0.5251386962552012,0.6383561643835616,0.97381591796875,0.04400634765625,0.0283966064453125,-0.0156097412109375
219,C:\Users\user\Desktop\Satq_Prithvi\datasets\hls_burn_scars\extracted\validation\subsetted_512x512_HLS.S30.T16RGU.2019127.v1.4_merged.tif,0.4,262123,12269,19961,9373,10588,2896,239266,0.4100713129457059,0.46956565302339565,0.7639579427826229,0.5816320198572759,0.9485585011616684,0.04680627033873411,0.07615127249421073,0.029345002155476627
220,C:\Users\user\Desktop\Satq_Prithvi\datasets\hls_burn_scars\extracted\validation\subsetted_512x512_HLS.S30.T16RGU.2019277.v1.4_merged.tif,0.4,262083,10536,2318,2317,1,8219,251546,0.21989180981303977,0.9995685936151855,0.21991268033409264,0.36051034697370465,0.968635890156935,0.04020100502512563,0.008844526352338762,-0.03135647867278687
221,C:\Users\user\Desktop\Satq_Prithvi\datasets\hls_burn_scars\extracted\validation\subsetted_512x512_HLS.S30.T16RGU.2020107.v1.4_merged.tif,0.4,262144,18204,8228,8148,80,10056,243860,0.445635528330781,0.9902771025765679,0.4475939353988134,0.6165254237288135,0.961334228515625,0.0694427490234375,0.0313873291015625,-0.038055419921875
222,C:\Users\user\Desktop\Satq_Prithvi\datasets\hls_burn_scars\extracted\validation\subsetted_512x512_HLS.S30.T16RGU.2021066.v1.4_merged.tif,0.4,262144,35565,628,628,0,34937,226579,0.017657809644313228,1.0,0.017657809644313228,0.03470284309120548,0.8667259216308594,0.13566970825195312,0.0023956298828125,-0.13327407836914062
223,C:\Users\user\Desktop\Satq_Prithvi\datasets\hls_burn_scars\extracted\validation\subsetted_512x512_HLS.S30.T16SBD.2020096.v1.4_merged.tif,0.4,262144,3769,0,0,0,3769,258375,0.0,0.0,0.0,0.0,0.9856224060058594,0.014377593994140625,0.0,-0.014377593994140625
224,C:\Users\user\Desktop\Satq_Prithvi\datasets\hls_burn_scars\extracted\validation\subsetted_512x512_HLS.S30.T16SCF.2019111.v1.4_merged.tif,0.4,262132,10252,0,0,0,10252,251880,0.0,0.0,0.0,0.0,0.9608899333160392,0.039110066683960755,0.0,-0.039110066683960755
225,C:\Users\user\Desktop\Satq_Prithvi\datasets\hls_burn_scars\extracted\validation\subsetted_512x512_HLS.S30.T16SCG.2019111.v1.4_merged.tif,0.4,262128,3219,1660,1618,42,1601,258867,0.4961668199938669,0.9746987951807229,0.5026405716060889,0.6632506661201066,0.9937320698284807,0.012280260025636331,0.006332783983397424,-0.005947476042238907
226,C:\Users\user\Desktop\Satq_Prithvi\datasets\hls_burn_scars\extracted\validation\subsetted_512x512_HLS.S30.T16SDB.2018133.v1.4_merged.tif,0.4,262144,9539,397,301,96,9238,252509,0.031240269849507004,0.7581863979848866,0.031554670300870113,0.060587761674718195,0.9643936157226562,0.036388397216796875,0.001514434814453125,-0.03487396240234375
227,C:\Users\user\Desktop\Satq_Prithvi\datasets\hls_burn_scars\extracted\validation\subsetted_512x512_HLS.S30.T16SDC.2018098.v1.4_merged.tif,0.4,262143,4384,1544,1494,50,2890,257709,0.33694181326116374,0.9676165803108808,0.3407846715328467,0.5040485829959513,0.9887847472562685,0.016723696608339722,0.005889915046367822,-0.0108337815619719
228,C:\Users\user\Desktop\Satq_Prithvi\datasets\hls_burn_scars\extracted\validation\subsetted_512x512_HLS.S30.T16SDC.2021127.v1.4_merged.tif,0.4,261341,5408,728,696,32,4712,255901,0.12794117647058822,0.9560439560439561,0.128698224852071,0.226857887874837,0.9818474713114284,0.020693270478034445,0.0027856325643507906,-0.017907637913683654
229,C:\Users\user\Desktop\Satq_Prithvi\datasets\hls_burn_scars\extracted\validation\subsetted_512x512_HLS.S30.T16SEB.2018090.v1.4_merged.tif,0.4,262142,5356,3553,1711,1842,3645,254944,0.23770491803278687,0.4815648747537292,0.31945481702763256,0.3841059602649006,0.9790685964095796,0.020431674435992708,0.013553722791464167,-0.00687795164452854
230,C:\Users\user\Desktop\Satq_Prithvi\datasets\hls_burn_scars\extracted\validation\subsetted_512x512_HLS.S30.T16SEB.2018095.v1.4_merged.tif,0.4,262144,5378,8334,3320,5014,2058,251752,0.31947652040030794,0.39836813054955605,0.6173298624023801,0.48424737456242717,0.9730224609375,0.02051544189453125,0.03179168701171875,0.0112762451171875
231,C:\Users\user\Desktop\Satq_Prithvi\datasets\hls_burn_scars\extracted\validation\subsetted_512x512_HLS.S30.T16SEB.2018155.v1.4_merged.tif,0.4,262143,5716,140,125,15,5591,256412,0.02181120223346711,0.8928571428571429,0.021868439468159553,0.0426912568306011,0.9786147255505583,0.021804892749377247,0.0005340596544634035,-0.021270833094913844
232,C:\Users\user\Desktop\Satq_Prithvi\datasets\hls_burn_scars\extracted\validation\subsetted_512x512_HLS.S30.T16SEB.2019100.v1.4_merged.tif,0.4,262144,5734,4792,4160,632,1574,255778,0.6534715677034244,0.8681135225375626,0.7254970352284618,0.7904237127113812,0.9915847778320312,0.02187347412109375,0.018280029296875,-0.00359344482421875
233,C:\Users\user\Desktop\Satq_Prithvi\datasets\hls_burn_scars\extracted\validation\subsetted_512x512_HLS.S30.T16SEB.2021069.v1.4_merged.tif,0.4,262137,11368,27186,10649,16537,719,234232,0.38161619781401185,0.3917089678510998,0.9367522871217453,0.5524199823624008,0.9341718261824924,0.043366636529753526,0.10370912919580219,0.060342492666048665
234,C:\Users\user\Desktop\Satq_Prithvi\datasets\hls_burn_scars\extracted\validation\subsetted_512x512_HLS.S30.T16SEC.2020105.v1.4_merged.tif,0.4,262144,5888,0,0,0,5888,256256,0.0,0.0,0.0,0.0,0.9775390625,0.0224609375,0.0,-0.0224609375
235,C:\Users\user\Desktop\Satq_Prithvi\datasets\hls_burn_scars\extracted\validation\subsetted_512x512_HLS.S30.T16SEH.2021102.v1.4_merged.tif,0.4,262143,4326,2147,2145,2,2181,257815,0.4956099815157117,0.9990684676292502,0.4958391123439667,0.6627529738915495,0.9916724841021884,0.01650244332291917,0.008190186272378053,-0.008312257050541116
236,C:\Users\user\Desktop\Satq_Prithvi\datasets\hls_burn_scars\extracted\validation\subsetted_512x512_HLS.S30.T16SFB.2019100.v1.4_merged.tif,0.4,262073,3340,404,0,404,3340,258329,0.0,0.0,0.0,0.0,0.9857139041412125,0.012744540643255886,0.0015415552155315503,-0.011202985427724335
237,C:\Users\user\Desktop\Satq_Prithvi\datasets\hls_burn_scars\extracted\validation\subsetted_512x512_HLS.S30.T16SFC.2018155.v1.4_merged.tif,0.4,262144,3947,3095,2544,551,1403,257646,0.565584704313028,0.8219709208400646,0.6445401570813276,0.7225220107923885,0.9925460815429688,0.015056610107421875,0.011806488037109375,-0.0032501220703125
238,C:\Users\user\Desktop\Satq_Prithvi\datasets\hls_burn_scars\extracted\validation\subsetted_512x512_HLS.S30.T16SFC.2019100.v1.4_merged.tif,0.4,262133,3388,2107,2002,105,1386,258640,0.5731462925851704,0.9501661129568106,0.5909090909090909,0.7286624203821656,0.9943120477009763,0.01292473667947187,0.008037904422564118,-0.004886832256907753
239,C:\Users\user\Desktop\Satq_Prithvi\datasets\hls_burn_scars\extracted\validation\subsetted_512x512_HLS.S30.T16SFD.2019100.v1.4_merged.tif,0.4,262138,6279,5584,4715,869,1564,254990,0.6596250699496362,0.8443767908309455,0.7509157509157509,0.7949085391553569,0.9907186291190136,0.02395303237226194,0.02130175708977714,-0.0026512752824847975
240,C:\Users\user\Desktop\Satq_Prithvi\datasets\hls_burn_scars\extracted\validation\subsetted_512x512_HLS.S30.T16SFF.2021094.v1.4_merged.tif,0.4,262144,3431,1962,1749,213,1682,258500,0.479967069154775,0.8914373088685015,0.5097639172252988,0.6486185796402745,0.9927711486816406,0.013088226318359375,0.00748443603515625,-0.005603790283203125
241,C:\Users\user\Desktop\Satq_Prithvi\datasets\hls_burn_scars\extracted\validation\subsetted_512x512_HLS.S30.T16SGD.2018155.v1.4_merged.tif,0.4,262136,3745,1315,1097,218,2648,258173,0.27681049709815797,0.8342205323193916,0.2929238985313752,0.4335968379446641,0.989066743980224,0.014286477248451186,0.005016479995117038,-0.009269997253334147
242,C:\Users\user\Desktop\Satq_Prithvi\datasets\hls_burn_scars\extracted\validation\subsetted_512x512_HLS.S30.T16SGE.2019100.v1.4_merged.tif,0.4,262144,4582,442,441,1,4141,257561,0.09622518001309185,0.997737556561086,0.0962461807071148,0.1755573248407643,0.9841995239257812,0.01747894287109375,0.00168609619140625,-0.0157928466796875
243,C:\Users\user\Desktop\Satq_Prithvi\datasets\hls_burn_scars\extracted\validation\subsetted_512x512_HLS.S30.T16SGG.2021094.v1.4_merged.tif,0.4,262144,5598,12072,4127,7945,1471,248601,0.3047330724359448,0.34186547382372434,0.7372275812790282,0.46711941143180535,0.964080810546875,0.02135467529296875,0.046051025390625,0.02469635009765625
244,C:\Users\user\Desktop\Satq_Prithvi\datasets\hls_burn_scars\extracted\validation\subsetted_512x512_HLS.S30.T16TDS.2019159.v1.4_merged.tif,0.4,262144,2465,3389,2271,1118,194,258561,0.6338264024560424,0.6701091767483033,0.9212981744421906,0.7758797403484797,0.9949951171875,0.009403228759765625,0.012928009033203125,0.0035247802734375
245,C:\Users\user\Desktop\Satq_Prithvi\datasets\hls_burn_scars\extracted\validation\subsetted_512x512_HLS.S30.T16TFS.2019153.v1.4_merged.tif,0.4,261896,3285,4067,2738,1329,547,257282,0.5934113567403554,0.6732235062699778,0.8334855403348554,0.7448313384113167,0.9928368512692061,0.012543146898005316,0.01552906497235544,0.002985918074350124
246,C:\Users\user\Desktop\Satq_Prithvi\datasets\hls_burn_scars\extracted\validation\subsetted_512x512_HLS.S30.T16TGQ.2018133.v1.4_merged.tif,0.4,262144,15687,16743,14017,2726,1670,243731,0.7612556346059849,0.8371856895418981,0.8935424236629056,0.8644465001541781,0.9832305908203125,0.059841156005859375,0.06386947631835938,0.0040283203125
247,C:\Users\user\Desktop\Satq_Prithvi\datasets\hls_burn_scars\extracted\validation\subsetted_512x512_HLS.S30.T17RMH.2021103.v1.4_merged.tif,0.4,191308,31326,10034,9090,944,22236,159038,0.2816857762627828,0.9059198724337253,0.29017429611185597,0.4395551257253385,0.8788341313484015,0.16374641938653897,0.052449453237710914,-0.11129696614882806
248,C:\Users\user\Desktop\Satq_Prithvi\datasets\hls_burn_scars\extracted\validation\subsetted_512x512_HLS.S30.T17RMJ.2021313.v1.4_merged.tif,0.4,262111,20458,223,2,221,20456,241432,9.671647565162726e-05,0.008968609865470852,9.776126698602014e-05,0.00019341424495914123,0.921113574020167,0.07805090209872917,0.0008507845912609543,-0.07720011750746822
249,C:\Users\user\Desktop\Satq_Prithvi\datasets\hls_burn_scars\extracted\validation\subsetted_512x512_HLS.S30.T17RNL.2019111.v1.4_merged.tif,0.4,262007,4551,3758,2939,819,1612,256637,0.5472998137802607,0.782064928153273,0.6457921335970116,0.7074256829943435,0.9907216219413986,0.01736976492994462,0.014343128237031835,-0.0030266366929127854
250,C:\Users\user\Desktop\Satq_Prithvi\datasets\hls_burn_scars\extracted\validation\subsetted_512x512_HLS.S30.T17RNM.2019349.v1.4_merged.tif,0.4,262137,7333,7808,6560,1248,773,253556,0.7644796643747815,0.8401639344262295,0.8945861175507978,0.8665213658278846,0.9922902909547298,0.027973922033135347,0.02978595162071741,0.0018120295875820626
251,C:\Users\user\Desktop\Satq_Prithvi\datasets\hls_burn_scars\extracted\validation\subsetted_512x512_HLS.S30.T17SKT.2018107.v1.4_merged.tif,0.4,262142,5582,172,172,0,5410,256560,0.03081332855607309,1.0,0.03081332855607309,0.059784497740702124,0.9793623303400447,0.021293802595539823,0.0006561329355845306,-0.020637669659955293
252,C:\Users\user\Desktop\Satq_Prithvi\datasets\hls_burn_scars\extracted\validation\subsetted_512x512_HLS.S30.T17SKU.2018107.v1.4_merged.tif,0.4,262141,6103,77,77,0,6026,256038,0.01261674586269048,1.0,0.01261674586269048,0.02491909385113269,0.9770123712048097,0.023281363846174387,0.0002937350509840124,-0.022987628795190375
253,C:\Users\user\Desktop\Satq_Prithvi\datasets\hls_burn_scars\extracted\validation\subsetted_512x512_HLS.S30.T17SKU.2021166.v1.4_merged.tif,0.4,262128,3063,1840,1701,139,1362,258926,0.5312304809494066,0.9244565217391304,0.555337904015671,0.6938609014888844,0.9942737899041689,0.011685130928401392,0.007019471403283892,-0.004665659525117501
254,C:\Users\user\Desktop\Satq_Prithvi\datasets\hls_burn_scars\extracted\validation\subsetted_512x512_HLS.S30.T17SLT.2019112.v1.4_merged.tif,0.4,262144,16956,305,305,0,16651,245188,0.01798773295588582,1.0,0.01798773295588582,0.03533978332657436,0.9364814758300781,0.0646820068359375,0.001163482666015625,-0.06351852416992188
255,C:\Users\user\Desktop\Satq_Prithvi\datasets\hls_burn_scars\extracted\validation\subsetted_512x512_HLS.S30.T17SLT.2021096.v1.4_merged.tif,0.4,262139,12825,3765,3739,26,9086,249288,0.2909501206131819,0.9930942895086321,0.2915399610136452,0.45075346594333937,0.9652398155177215,0.04892442559100325,0.014362609150107385,-0.034561816440895864
256,C:\Users\user\Desktop\Satq_Prithvi\datasets\hls_burn_scars\extracted\validation\subsetted_512x512_HLS.S30.T17SMA.2019112.v1.4_merged.tif,0.4,262144,2904,329,281,48,2623,259192,0.09518970189701897,0.8541033434650456,0.09676308539944904,0.17383235385091247,0.9898109436035156,0.011077880859375,0.001255035400390625,-0.009822845458984375
257,C:\Users\user\Desktop\Satq_Prithvi\datasets\hls_burn_scars\extracted\validation\subsetted_512x512_HLS.S30.T17SNA.2021348.v1.4_merged.tif,0.4,262096,4966,5293,4656,637,310,256493,0.830983401749063,0.8796523710561118,0.9375755134917438,0.9076908080709619,0.9963868200964532,0.018947255967279166,0.020194890421830168,0.001247634454551002
258,C:\Users\user\Desktop\Satq_Prithvi\datasets\hls_burn_scars\extracted\validation\subsetted_512x512_HLS.S30.T17SNB.2020102.v1.4_merged.tif,0.4,262144,3378,2833,2725,108,653,258658,0.7816982214572576,0.9618778679844687,0.8066903493191238,0.8774754467879567,0.9970970153808594,0.01288604736328125,0.010807037353515625,-0.002079010009765625
259,C:\Users\user\Desktop\Satq_Prithvi\datasets\hls_burn_scars\extracted\validation\subsetted_512x512_HLS.S30.T17SNU.2018074.v1.4_merged.tif,0.4,262133,4660,4051,3821,230,839,257243,0.7813905930470347,0.9432238953344854,0.8199570815450644,0.8772815979795661,0.9959219174998951,0.01777723522028894,0.015453987098152464,-0.0023232481221364745
260,C:\Users\user\Desktop\Satq_Prithvi\datasets\hls_burn_scars\extracted\validation\subsetted_512x512_HLS.S30.T17SNU.2018129.v1.4_merged.tif,0.4,262142,3219,122,0,122,3219,258801,0.0,0.0,0.0,0.0,0.9872549991989075,0.012279604183991882,0.0004653966171006554,-0.011814207566891227
261,C:\Users\user\Desktop\Satq_Prithvi\datasets\hls_burn_scars\extracted\validation\subsetted_512x512_HLS.S30.T17SPS.2019009.v1.4_merged.tif,0.4,262142,3598,90,0,90,3598,258454,0.0,0.0,0.0,0.0,0.9859312891486294,0.013725385478099657,0.0003433253732709753,-0.013382060104828682
262,C:\Users\user\Desktop\Satq_Prithvi\datasets\hls_burn_scars\extracted\validation\subsetted_512x512_HLS.S30.T17SQU.2018121.v1.4_merged.tif,0.4,262142,2517,4866,2396,2470,121,257155,0.4804491678363746,0.4923962186600904,0.9519268970997219,0.6490586482459705,0.9901160439761656,0.009601666272478274,0.01856245851485073,0.008960792242372454
263,C:\Users\user\Desktop\Satq_Prithvi\datasets\hls_burn_scars\extracted\validation\subsetted_512x512_HLS.S30.T18SVJ.2020131.v1.4_merged.tif,0.4,262144,6817,5372,5164,208,1653,255119,0.7350889679715302,0.9612807148175726,0.7575179697814288,0.8473213553203708,0.9929008483886719,0.026004791259765625,0.0204925537109375,-0.005512237548828125
